user,16678
der,4483
und,4278
die,4275
ist,2873
in,2597
nicht,2141
fuer,2044
zu,1662
das,1632
den,1490
mit,1431
auch,1408
von,1402
es,1310
Die,1229
ein,1171
im,1167
eine,1161
ich,1130
Das,1059
auf,1027
dass,979
wir,947
an,849
sich,833
des,825
Ich,786
bei,769
sind,752
hat,741
so,714
Wir,701
werden,677
wird,636
noch,630
als,621
dem,613
aber,599
man,566
amp,539
Es,538
nur,537
wie,534
aus,524
mehr,524
um,511
haben,510
Der,487
mich,484
muss,469
kann,467
zum,448
geht,446
ueber,439
jetzt,431
Und,422
wenn,414
zur,410
uns,410
sie,409
heute,391
sein,387
Danke,381
vor,381
war,381
einen,379
schon,376
muessen,363
mal,352
nach,351
doch,348
oder,332
was,326
immer,325
Deutschland,318
ja,315
CSU,310
einer,306
am,298
Sie,296
mir,286
sehr,282
dann,281
Corona,276
gegen,273
alle,272
gut,264
keine,264
Bundestag,260
er,260
Europa,255
unsere,255
Du,253
Glueckwunsch,252
gibt,251
s,251
wieder,250
Bayern,249
EU,243
Aber,242
Menschen,241
Ein,239
koennen,237
habe,232
sondern,224
durch,222
hier,221
In,221
brauchen,220
einem,219
da,218
Heute,216
RT,214
Bundeswehr,212
diese,205
Dank,203
So,200
Mit,200
waere,199
kein,198
gerade,196
viel,194
beim,191
Wer,188
Auch,188
wollen,187
gute,185
Berlin,185
2,184
Herzlichen,184
Wenn,182
machen,181
bin,180
sollte,178
Da,175
weiter,170
1,170
richtig,170
SPD,169
AfD,169
alles,166
Land,165
Eine,165
zeigt,163
unserer,162
viele,158
nan,156
Tag,155
ganz,154
damit,153
vom,153
wurde,152
Ihr,152
Gute,151
macht,150
meine,148
will,147
einfach,147
Was,147
unter,146
dafuer,145
Fuer,145
Frage,145
Verantwortung,141
Demokratie,140
klar,140
kommt,140
darf,140
neue,137
steht,135
wuerde,133
Thema,132
nichts,132
wichtig,131
Politik,129
lieber,128
bleibt,127
dieser,125
gar,124
besser,123
unser,122
Zeit,120
ob,120
Jahren,120
3,119
dabei,119
Jetzt,119
dazu,119
denn,119
Klimaschutz,118
Liebe,118
Kinder,117
Wie,112
nie,112
ohne,112
Jahr,111
selbst,110
bis,109
gilt,109
eigentlich,109
CDU,108
Jahre,108
Bei,108
Zukunft,107
sollten,107
Rede,106
a,106
tun,106
Im,105
allen,105
genau,105
the,105
Ja,105
Gruenen,103
natuerlich,103
Alles,103
Diese,102
Weg,102
etwas,102
weil,102
Hier,101
meiner,100
ab,100
andere,100
gerne,100
eines,99
neuen,99
seit,98
stehen,98
diesen,96
Union,96
Partei,96
finde,96
Welt,95
uebrigens,95
bleiben,94
ihr,93
Debatte,93
Also,93
Sicherheit,93
sagen,93
freue,92
geben,92
kommen,92
Freiheit,92
braucht,92
Frauen,90
statt,90
Auf,90
Muenchen,90
eben,89
Meine,88
Nicht,88
diesem,88
gehen,88
duerfen,88
Dir,88
allem,88
unserem,87
Brexit,87
Er,86
ihre,85
Krise,85
wirklich,85
Entscheidung,85
anderen,85
moeglich,84
Soldaten,84
Recht,84
Polizei,84
zwischen,83
Wahl,83
gemacht,83
Leben,83
vielen,83
weiss,83
Unterstuetzung,82
Zusammenarbeit,82
Arbeit,81
einmal,81
Euch,81
Gesellschaft,80
unseren,80
erst,80
soll,80
Ergebnis,80
waren,80
Zeichen,80
gemeinsam,79
Einsatz,79
seine,79
Man,79
Ende,78
USA,77
Deshalb,77
haette,77
wichtiger,77
ihren,76
Respekt,76
Dann,76
Mein,75
Vertrauen,75
lassen,75
Nein,75
Woche,74
Schutz,74
wo,74
sicher,74
10,73
meinem,72
seiner,72
Sehr,72
letzten,72
wohl,72
Freue,71
grosser,71
wissen,71
Nur,70
bereits,70
stellen,70
Kollegen,70
keinen,69
sowie,69
of,69
trotzdem,69
leider,68
aller,68
Schritt,67
Uhr,67
dieses,67
Frau,67
Erfolg,67
Dich,67
to,67
Gut,66
deutlich,66
liebe,66
schnell,65
NATO,65
Gerade,65
wer,65
Habe,65
nun,64
also,63
Diskussion,63
and,63
weniger,62
Klar,62
Fragen,62
sehen,62
endlich,62
politische,61
Haltung,61
Twitter,61
Tat,61
gesagt,61
Koalition,60
Nach,60
Teil,60
sagt,60
Oder,60
bedeutet,59
grosse,59
Austausch,59
Massnahmen,59
Morgen,59
Themen,59
morgen,59
Unsere,59
Fall,59
gleich,59
Bin,59
I,59
ihrer,59
Ziel,58
richtige,58
Mal,58
Warum,58
Hass,57
gestern,57
Wirtschaft,57
besonders,57
bitte,57
Gruesse,56
klare,55
Seite,55
ins,55
liegt,55
zeigen,55
stark,55
Problem,55
eher,55
jeder,55
Ist,55
stimmt,55
csu,54
Ganz,54
notwendig,54
koennte,54
Seehofer,54
oft,53
Dafuer,53
4,53
Als,53
ersten,53
ihn,53
Blick,53
for,53
moechte,52
Buerger,52
Zeiten,52
wuensche,52
Digitalisierung,52
gehoert,52
lange,52
5,52
Stimmt,52
bist,52
000,51
Mehr,51
FDP,51
Rosenheim,51
G,51
30,50
Kampf,50
wurden,50
d,50
Damit,50
Am,50
Ort,50
fast,50
guten,49
Bundeskanzlerin,49
mein,49
wichtige,49
unseres,49
nehmen,49
heisst,49
warum,49
Wo,49
Rechtsstaat,49
2020,48
erste,48
Staat,48
Merkel,48
Prozent,48
Antwort,48
Lieber,48
Gott,48
Habeck,48
Hilfe,47
halten,47
100,47
zwar,47
u,47
Wahlkreis,47
Nachhaltigkeit,47
meinen,47
herzlichen,47
darueber,47
Idee,47
grossen,46
19,46
Familien,46
staerken,46
20,46
Mio,46
weiterhin,46
schoen,46
Bildung,46
Geschichte,46
daran,46
Geht,46
Ach,46
sieht,46
Genau,46
recht,46
Dazu,45
allein,45
Frieden,45
Regierung,45
nochmal,45
Deutschen,45
besten,45
deshalb,45
sei,45
Wuerde,45
europaeische,45
Fraktion,44
2019,44
Nachricht,44
davon,44
Herausforderungen,44
Von,44
gegenueber,44
vielleicht,44
sprechen,44
Opfer,44
Menschenrechte,44
europaeischen,44
seinen,44
Mitte,44
Augsburg,44
Unser,43
los,43
Bund,43
gewesen,43
helfen,43
Bitte,43
Loesung,43
Polizisten,43
fuehren,43
Vielen,43
Keine,43
guter,43
wegen,42
falsch,42
weitere,42
Lage,42
staerker,42
darauf,42
Zum,42
zwei,42
denen,42
Dass,42
Weil,42
gemeinsame,42
0,41
deutsche,41
Zu,41
Bundesregierung,41
laeuft,41
leisten,41
Besuch,41
leben,41
hilft,41
dort,41
Koalitionsvertrag,41
arbeiten,40
B,40
Staaten,40
Gruene,40
Mann,40
schuetzen,40
Gewalt,40
Natuerlich,40
Sache,40
naechsten,40
verdient,40
laesst,40
ihm,40
Vielleicht,39
finden,39
zusammen,39
Landwirtschaft,39
stellt,39
Parlament,39
Geld,39
Signal,39
Den,39
vergessen,39
Tage,39
eigenen,39
Richtig,39
Meinung,39
Vorschlag,39
Na,39
Horst,39
Chancen,38
Klima,38
unterstuetzen,38
Unternehmen,38
Ohne,38
erreichen,38
gutes,38
konsequent,38
Herr,38
7,38
Antisemitismus,38
US,38
Pandemie,37
sogar,37
diskutiert,37
bringen,37
freuen,37
Beitrag,37
Entwicklung,37
erhalten,37
bekommen,37
politischen,37
Aufgabe,37
traurig,37
reden,37
Viel,37
Israel,37
Aus,36
E,36
Region,36
Worte,36
gesprochen,36
6,36
Wochen,36
Situation,36
Hoffnung,36
freut,36
Dobrindt,36
wichtiges,36
Spass,36
Team,36
deren,36
zurueck,36
is,36
Art,36
R2,36
setzen,35
starke,35
lesen,35
Solidaritaet,35
gewaehlt,35
Chance,35
glaube,35
bzw,35
all,35
Hand,35
Angst,35
jedoch,35
Antrag,34
weltweit,34
Alle,34
Stunde,34
werde,34
gab,34
Alexander,34
starkes,34
richtigen,34
funktioniert,34
You,34
Einfach,34
Grund,34
Noch,34
deutschen,34
bisschen,34
wenig,34
jede,34
darum,34
Erst,34
Tweet,34
Tuerkei,34
Franken,34
sollen,33
Interview,33
anders,33
seid,33
allerdings,33
Landes,33
Abend,33
Interesse,33
gewinnen,33
Ihnen,33
halt,33
Dem,33
Kollege,33
sonst,33
denken,33
niemand,33
Linke,33
Willkommen,32
Euro,32
Platz,32
aendern,32
CO2,32
schaffen,32
findet,32
Heimat,32
tolle,32
jeden,32
Ideen,32
Deine,32
Ihre,32
je,32
Mehrheit,32
Partner,32
An,32
War,32
Stimmen,32
Regeln,31
bald,31
nutzen,31
handeln,31
Angela,31
Vorbild,31
Punkt,31
faellt,31
dringend,31
seeon19,31
Parteitag,31
Gottes,31
Segen,31
wuerden,31
solche,31
hast,31
aktuellen,30
9,30
z,30
Laender,30
sofort,30
on,30
Gesetz,30
heutigen,30
Ministerpraesidenten,30
Super,30
Familie,30
Vorsitzenden,30
Schulen,30
China,30
Haus,30
loesen,30
absolut,30
Dieser,30
bewusst,30
passt,30
Macht,29
gehoeren,29
Markus,29
Nachrichten,29
Rahmen,29
Berliner,29
Mrd,29
Kraft,29
Wahlen,29
naechste,29
Wort,29
Aktion,29
welche,29
Organspende,29
gestellt,29
Sinne,29
konnte,29
weder,29
wichtigen,29
jemand,29
verstehen,29
hatte,29
schreiben,29
anderes,29
ehrlich,29
keiner,29
Dienst,29
Uebrigens,29
Sorry,29
Antifa,29
offensichtlich,28
Einigung,28
Bundestages,28
setzt,28
beste,28
GroKo,28
Bereich,28
diskutieren,28
beschlossen,28
nimmt,28
Plenum,28
Seit,28
Rolle,28
Staerke,28
Wichtig,28
daher,28
Erhoehung,28
Kindern,28
Mittel,28
ebenso,28
Gedanken,28
etc,28
politisch,28
Sicht,28
offen,28
drei,28
weit,28
Ordnung,28
Drohnen,28
Kritik,27
Beim,27
Soeder,27
2021,27
Ueber,27
unterstuetzt,27
Forderung,27
Initiative,27
Klausurtagung,27
vorbei,27
70,27
letzte,27
Schoen,27
COVID19,27
Deswegen,27
Deutschlands,27
Weihnachten,27
Deutsche,27
Mut,27
spricht,27
Eltern,27
Jeder,27
Beispiel,27
Medien,27
Sprache,27
ihrem,27
dran,27
verloren,27
ueberhaupt,27
Probleme,27
Schade,27
Amt,27
mag,27
schauen,27
verstanden,27
bekaempfen,27
starken,27
Besserung,27
Aussage,27
Zusammenhalt,27
schafft,26
halte,26
unterwegs,26
40,26
Klimawandel,26
Politiker,26
gleichzeitig,26
Seeon,26
Start,26
wirkt,26
Zahlen,26
Millionen,26
Finde,26
tut,26
euch,26
echt,26
Handeln,26
Schon,26
entschieden,26
Happy,26
Hat,26
erfolgreich,26
Leute,26
Kein,26
dagegen,26
Frankreich,26
SED,26
Praesident,26
via,25
Gast,25
Umwelt,25
EEG,25
raus,25
jedem,25
Guten,25
Herzen,25
beide,25
12,25
sowohl,25
Mir,25
15,25
Migration,25
Kampagne,25
Dankeschoen,25
Oh,25
liegen,25
Kann,25
super,25
Laendern,25
Aufklaerung,25
Einheit,25
Anlass,25
it,25
Stunden,25
bayerischen,25
Glueck,25
Tagen,25
Ostern,25
zumindest,25
Vorsitzende,25
Beziehungen,25
gross,24
dies,24
bundestag,24
bringt,24
Programm,24
sozialen,24
e,24
Video,24
Gemeinsam,24
gefragt,24
Um,24
hab,24
Europas,24
voran,24
Starke,24
direkt,24
Monaten,24
Zahl,24
startet,24
ganzen,24
hatten,24
Vorschlaege,24
Europaeischen,24
waehlen,24
Bedeutung,24
Zustimmung,24
Koalitionsverhandlungen,24
Gerne,24
waehrend,24
verhindern,24
Immer,24
this,24
weg,24
Praevention,24
erklaert,24
erklaeren,24
tatsaechlich,24
demokratischen,24
haelt,24
Noe,24
Moment,24
Naja,24
Trump,24
Rechtsstaatlichkeit,24
Doch,24
dennoch,24
Kompromiss,23
Statement,23
Gespraech,23
moeglichst,23
erreicht,23
digitalen,23
Urteil,23
schneller,23
Schweinfurt,23
dadurch,23
Gesundheit,23
derzeit,23
Einladung,23
Freude,23
starten,23
kaempfen,23
schwer,23
Bis,23
Trotzdem,23
stolz,23
Umsetzung,23
Grundgesetz,23
Mueller,23
hoffe,23
Nichts,23
drauf,23
Mensch,23
Fehler,23
Volle,23
neu,23
Schule,23
klaren,23
kuenftig,23
worden,23
Oesterreich,23
voellig,23
Sachen,23
Grosse,23
paar,23
seinem,23
75,23
18,22
13,22
ganze,22
Mail,22
gestalten,22
11,22
linke,22
live,22
genug,22
neues,22
Guter,22
umgesetzt,22
trotz,22
neben,22
Angehoerigen,22
Thueringen,22
beiden,22
entscheiden,22
eigene,22
hin,22
Neues,22
Leider,22
Good,22
bereit,22
Sonntag,22
Seiten,22
Birthday,22
Coronakrise,22
bzgl,22
Minister,22
D,22
Herkunftsstaaten,22
Ergebnisse,22
vier,22
jazubayern,22
waeren,22
Verpflichtung,22
stets,22
Erinnerung,22
Truppe,22
Freundschaft,22
Ausbildung,21
lohnt,21
Kommission,21
Mobilitaet,21
Viele,21
insgesamt,21
steigen,21
Klimapolitik,21
2018,21
Freund,21
Entlastung,21
neuer,21
Gespraeche,21
Dr,21
Antworten,21
Botschaft,21
uebernehmen,21
UN,21
bayerische,21
Wahlkampf,21
Bevoelkerung,21
ihnen,21
Impfen,21
egal,21
Entscheidungen,21
sag,21
manchmal,21
Zur,21
zurecht,21
fragen,21
Auftritt,21
suchen,21
Spitze,21
Grundrente,21
UK,21
letztlich,21
glauben,21
Parteien,21
Soldatinnen,21
demokratische,21
Wasserstoff,20
Kommunen,20
Loesungen,20
Bahn,20
Lockdown,20
Motto,20
betroffen,20
Akzeptanz,20
Buergerinnen,20
Infektionsschutzgesetz,20
rein,20
Eure,20
Gleich,20
getroffen,20
Engagement,20
Umgang,20
Grenzen,20
danke,20
genutzt,20
selbstverstaendlich,20
Verbot,20
cducsu,20
Europawahl,20
Kollegin,20
soziale,20
Unterschied,20
Kabinett,20
rund,20
hinter,20
langsam,20
Endlich,20
taeglich,20
sehe,20
Basis,20
Dein,20
Linken,20
Mitglied,20
nein,20
scheint,20
besteht,20
Covid,20
Virus,20
hinsichtlich,20
dachte,20
Vor,20
Jamaika,19
50,19
Biden,19
internationalen,19
Gesicht,19
bisher,19
frage,19
Kurs,19
gesund,19
schoenen,19
kurz,19
weiteren,19
Mai,19
n,19
bspw,19
Sitzung,19
Verstaendnis,19
jedes,19
innerhalb,19
passiert,19
kleiner,19
ging,19
Anerkennung,19
Richtung,19
Maenner,19
groesste,19
Herausforderung,19
Reform,19
erhoehen,19
Anspruch,19
Spitzenkandidat,19
Folge,19
Stabilitaet,19
hinzuzufuegen,19
hohe,19
A,19
Muss,19
Same,19
nix,19
Ruhe,19
bekommt,19
tollen,19
denke,19
gemeint,19
Eindruck,19
Gegenteil,19
haetten,19
fuehrt,19
csupt19,19
Werte,19
Stimme,19
schaut,19
handelt,19
links,19
reichen,19
Auftrag,19
bezeichnet,19
la,19
hach,19
Dabei,19
Konsequenzen,19
Moeglichkeit,19
Aussenpolitik,19
Integration,19
bestehen,19
with,19
Rechtsextremismus,19
Arbeitsplaetze,18
tragen,18
Anreize,18
beginnt,18
Fuehrung,18
Auswirkungen,18
verlieren,18
Gefahr,18
parlamentarische,18
Job,18
Live,18
Geburtstag,18
Ausbau,18
gezeigt,18
Energie,18
Abgeordneten,18
Homeoffice,18
aktuell,18
retten,18
m,18
Fakten,18
gekommen,18
ziehen,18
fehlen,18
Bekaempfung,18
welches,18
spannend,18
Interessen,18
Verhandlungen,18
spaet,18
ueberall,18
Folgen,18
digitale,18
Verfuegung,18
Studie,18
denkt,18
you,18
fest,18
Zweifel,18
Spiel,18
reicht,18
genauso,18
We,18
Waere,18
persoenlich,18
froh,18
Herzlich,18
Tipp,18
Eigentlich,18
erster,18
Kommentar,18
durchaus,18
meisten,18
gewonnen,18
musste,18
MiaSanMia,18
Prinzip,18
Unsinn,18
25,18
gedenken,18
feiern,18
Dinge,18
her,18
versucht,18
Grossbritannien,18
Nockherberg,18
Investitionen,18
Pflicht,18
Verfahren,18
Sozialismus,18
Wieder,18
Sahel,18
Plan,17
Sitzungswoche,17
beraten,17
heutige,17
Verkehr,17
Hamburg,17
Durch,17
Wohlstand,17
Anfang,17
pro,17
per,17
Kanzlerin,17
00,17
Parteivorstand,17
verbieten,17
v,17
Ziele,17
koennt,17
Schaut,17
massiv,17
Ebene,17
Regierungserklaerung,17
Kleiner,17
getan,17
14,17
Tages,17
Gerd,17
Allen,17
Herz,17
gelten,17
Mich,17
kennt,17
unbedingt,17
Holocaust,17
Raum,17
Aufgaben,17
Bericht,17
europaeischer,17
zehn,17
vorne,17
Hallo,17
gt,17
Thomas,17
Wochenende,17
Absolut,17
Ok,17
Genauso,17
aktuelle,17
Tisch,17
eingeladen,17
wann,17
News,17
nurmalso,17
anderer,17
gespannt,17
klingt,17
gefordert,17
anstatt,17
Insta,17
voll,17
muesste,17
schuetzt,17
intensiv,17
Linie,17
Zwei,17
Facebook,17
Gedenken,17
fehlt,17
Klare,17
Jugend,17
Russland,17
zaehlt,17
Strategie,17
ARD,17
System,17
Kultur,17
Gibt,17
EUR,17
schlimmer,17
Ideologie,17
fordert,17
deutsch,17
CSUPT17,17
gruene,17
Haeh,17
Ausruestung,17
sicheren,17
Regelung,16
Artikel,16
bestimmt,16
Stadt,16
Markt,16
hoch,16
gegeben,16
Wachstum,16
Mitglieder,16
Ansatz,16
Marktwirtschaft,16
internationale,16
kam,16
danach,16
21,16
Maske,16
alleine,16
Wissenschaft,16
bessere,16
herzlich,16
damals,16
Rassismus,16
Unter,16
Projekt,16
grossartige,16
Experten,16
Paris,16
kleine,16
hoeren,16
Verbesserung,16
Umfrage,16
Foerderung,16
hohen,16
Waehler,16
Erfahrung,16
kenne,16
Gratulation,16
frueh,16
wirtschaftlichen,16
entweder,16
Haushaltsausschuss,16
gehabt,16
schwierig,16
Terror,16
Haette,16
falsche,16
Kosten,16
frueher,16
Haben,16
notwendige,16
Sinn,16
Freunden,16
aufgrund,16
einstimmig,16
It,16
inakzeptabel,16
StrongerTogether,16
treffen,16
verstehe,16
Nachdem,16
erinnern,16
kennen,16
Generalsekretaer,16
our,16
Top,16
einzige,16
DDR,16
glaubt,16
irgendwie,16
Belarus,16
Satire,16
kluge,16
geboten,16
Entscheidend,16
langfristig,16
24,16
r,16
are,16
Rundfunkbeitrag,16
Verfassungsschutz,16
True,16
Bekenntnis,16
Linkspartei,16
Sicherheitspolitik,16
OeRR,16
transatlantischen,16
Europarats,16
Vorsitz,15
alten,15
Innovationen,15
umso,15
Generation,15
Baerbock,15
Beste,15
Maerz,15
Forschung,15
gemeinsamen,15
erneut,15
Weise,15
Haushalt,15
Denn,15
Infos,15
Abstand,15
App,15
16,15
Bild,15
Senkung,15
Wertschaetzung,15
WeRemember,15
Landesgruppe,15
jungen,15
Schueler,15
Aussen,15
Faehigkeiten,15
Bayerischen,15
Voraussetzungen,15
Ministerpraesident,15
offenen,15
steigt,15
frei,15
knapp,15
Cannabis,15
Inhalte,15
ne,15
sowas,15
gleiche,15
Kooperation,15
Verlaengerung,15
verhindert,15
interessant,15
gleichen,15
Praesidenten,15
Kameraden,15
heraus,15
Wert,15
Gruenden,15
Kind,15
gebracht,15
Daumen,15
mache,15
Europaeische,15
Fan,15
Toleranz,15
Seid,15
Kommt,15
Wahnsinn,15
Verhaeltnis,15
spielt,15
daraus,15
vermutlich,15
naemlich,15
fuers,15
dessen,15
Rechtsstaats,15
Buero,15
Vernunft,15
Kanzler,15
sage,15
Wann,15
kleinen,15
Manchmal,15
Kurzarbeit,15
versteht,15
brexit,15
zudem,15
Vergangenheit,15
Diktatur,15
nennt,15
etwa,15
Meinungsfreiheit,15
Quatsch,15
Uebrigen,15
Nawalny,15
Hetze,14
GG,14
foerdern,14
junge,14
Klimaziele,14
Bau,14
Null,14
Ab,14
Verhalten,14
November,14
Licht,14
Digitale,14
Perspektive,14
Aschermittwoch,14
Leistung,14
Abstimmung,14
17,14
gesetzt,14
Opposition,14
Gestern,14
einsetzen,14
Deal,14
nachhaltig,14
gehandelt,14
traegt,14
ernst,14
Opfern,14
spannende,14
Mittelpunkt,14
Jugendliche,14
Geschlossenheit,14
vieles,14
schoenes,14
innen,14
eigener,14
schlecht,14
Impfstoff,14
MdB,14
Substitution,14
schnelle,14
my,14
besseren,14
deutscher,14
Prioritaet,14
zuegig,14
corona,14
cool,14
laenger,14
vorstellen,14
Freunde,14
Follower,14
oben,14
Monate,14
momentan,14
Servicetweet,14
Mutter,14
we,14
spielen,14
Abgeordnete,14
konnten,14
leicht,14
Ausschuss,14
Parteivorsitzenden,14
de,14
Zusammenhang,14
Gruende,14
gewinnt,14
Vorgehen,14
Freitag,14
angesichts,14
Hatte,14
Instagram,14
Beschluss,14
stabile,14
laengst,14
Rechte,14
meint,14
Stimmung,14
Erding,14
gedacht,14
Zudem,14
Sind,14
Nazis,14
Germany,14
Sachsen,14
manche,14
geschrieben,14
Druck,14
Journalisten,14
Rechts,14
Iran,14
cc,14
dorothee,14
baeruser,14
Ausstattung,14
bewaffnete,14
Hoecke,14
BMVg,14
Verteidigungsminister,14
Geltung,14
IS,13
Bundestagswahl,13
umsetzen,13
enge,13
zusaetzlich,13
Auto,13
Innovation,13
erstmals,13
Schulden,13
ca,13
pruefen,13
8,13
zweite,13
Schoene,13
Einen,13
Feiertag,13
verabschiedet,13
Maskenpflicht,13
toll,13
Zuversicht,13
April,13
Anliegen,13
wahr,13
Hanau,13
Kandidaten,13
80,13
Gelegenheit,13
entschlossen,13
welcher,13
anderem,13
Form,13
gesamte,13
eingesetzt,13
EVP,13
Gutes,13
welchen,13
Grundlage,13
Online,13
Walter,13
Grenze,13
lernen,13
Daher,13
fallen,13
Soll,13
geschlossen,13
volle,13
Laeuft,13
lang,13
Jede,13
hart,13
Merci,13
gelernt,13
Dauer,13
Namen,13
Umso,13
Account,13
ziemlich,13
rechts,13
lebt,13
Beginn,13
Tweets,13
here,13
bayern,13
Italien,13
wert,13
Wieso,13
schwierigen,13
einiges,13
deutliche,13
Wahrheit,13
Yes,13
erstmal,13
Ihren,13
Netz,13
erwarte,13
Moeglichkeiten,13
Steigerung,13
entgegen,13
echte,13
gelesen,13
schlicht,13
entscheidet,13
Erdogan,13
Fluechtlinge,13
Scholz,13
du,13
Tja,13
Wiesn,13
EuGH,13
ausser,13
Wahlrecht,13
BR,13
tagt,13
erfolgreiche,13
Ausland,13
Kirchen,13
Satz,13
Minuten,13
kaum,13
Mist,13
wollte,13
Ahnung,13
Europaeer,13
Reaktion,13
Angriff,13
linken,13
rot,13
Israels,13
Justiz,13
MSC2019,13
Europarat,13
Menschenrechtskonvention,13
Verbesserungen,12
Bundestags,12
Neujahrsempfang,12
sorgen,12
ankommt,12
Foederalismus,12
Hilfen,12
entwickeln,12
ermoeglicht,12
Landwirte,12
rettet,12
gern,12
Reduzierung,12
Tod,12
Preis,12
Wiedervereinigung,12
anschauen,12
45,12
Forderungen,12
Konjunkturpaket,12
Klasse,12
freie,12
geworden,12
klarer,12
spaeter,12
Kolleginnen,12
Fokus,12
gefunden,12
faire,12
Handel,12
Lebensmittel,12
Qualitaet,12
ueberzeugen,12
Position,12
konstruktiv,12
Verbrechen,12
OB,12
Botschaften,12
Gruppe,12
Toten,12
Volkspartei,12
Ausserdem,12
Bundes,12
schliessen,12
gesamten,12
Massnahme,12
parlamentarischen,12
leistet,12
fordern,12
genommen,12
geschafft,12
Wolfgang,12
schreibt,12
Praxis,12
gefuehrt,12
persoenliche,12
Beides,12
know,12
oeffentlich,12
Sorge,12
Lieben,12
passieren,12
zuvor,12
solchen,12
Mach,12
Innenminister,12
ausserdem,12
dankbar,12
Fluegel,12
Statt,12
Absage,12
beides,12
Ihrer,12
ausschliesslich,12
digital,12
Fraktionen,12
wuenschen,12
meinte,12
gehalten,12
automatisch,12
Darauf,12
Augen,12
Zitat,12
Grossen,12
heissen,12
NieWieder,12
Muenchner,12
laufen,12
Bester,12
schicken,12
angeblich,12
Maut,12
Volker,12
Kirche,12
bewegt,12
gegangen,12
alte,12
sichere,12
EPPHelsinki,12
zutiefst,12
Ob,12
Kraefte,12
Landtagswahl,12
einzelnen,12
diejenigen,12
Lebens,12
Abschaffung,12
Vergleich,12
positive,12
Christen,12
Sollte,12
wesentlich,12
jene,12
Institutionen,12
Punkte,12
politisches,12
gruen,12
Karl,12
erinnert,12
laut,12
lustig,12
Kohlekommission,12
Verschwoerungstheorien,12
bezahlt,12
Niemand,12
Ukraine,12
harten,12
t,12
darin,12
Begriff,12
mindestens,12
Pendlerpauschale,12
Roten,12
Islamismus,12
KI,12
Kopf,12
Teilhabe,12
niemals,12
groko,12
Pressefreiheit,12
verteidigen,12
R,12
at,12
Sowohl,12
bislang,12
Entschlossenheit,12
Partnerschaft,12
Extremisten,12
Beitritt,12
Dies,11
Technologien,11
bauen,11
km,11
Strassen,11
Miteinander,11
Infrastruktur,11
mittlerweile,11
1000,11
Nachfrage,11
gehe,11
gruenen,11
2030,11
enderung,11
Ausdruck,11
Abkommen,11
Freu,11
Neben,11
Mitarbeiter,11
66,11
Rueckblick,11
Verbote,11
danken,11
lieben,11
arbeite,11
positiv,11
Ruecken,11
Agenda,11
Erste,11
Gegen,11
Grundsteuer,11
schoene,11
Projekte,11
Klausur,11
kommenden,11
bekannt,11
Wichtige,11
Europawahl2019,11
Gaeste,11
Bruessel,11
Bilder,11
steuerliche,11
gearbeitet,11
erfolgreichen,11
eroeffnet,11
Foto,11
Baukindergeld,11
Haelfte,11
Zeitumstellung,11
Tuer,11
Einkommen,11
Schaeuble,11
Tirol,11
Finger,11
news,11
hoffen,11
Chef,11
bietet,11
Konsum,11
kritisch,11
made,11
niemanden,11
obwohl,11
Diskriminierung,11
liefert,11
teile,11
naeher,11
Mega,11
habt,11
Pflege,11
Leseempfehlung,11
staatliche,11
Mass,11
gefaehrdet,11
sagte,11
S,11
leichter,11
verantwortlich,11
Sonst,11
Vom,11
Teile,11
Wuensche,11
erfuellt,11
benennen,11
Gegensatz,11
Personal,11
Perspektiven,11
Sohn,11
kaufen,11
Werbung,11
Deutsch,11
Arbeitgeber,11
Staatsregierung,11
Andreas,11
alt,11
Wunsch,11
Bravo,11
verbessert,11
Regel,11
Wahlkreise,11
aktiv,11
Rest,11
Erstattung,11
Schnee,11
Debatten,11
baut,11
Verfassung,11
Text,11
Leidenschaft,11
Nacht,11
Versoehnung,11
wenige,11
Oktober,11
Prof,11
Halle,11
Applaus,11
CSUPT18,11
abgeschafft,11
generell,11
Schmarrn,11
Wien,11
Konsequenz,11
Kurz,11
Jusos,11
Inhalt,11
Weder,11
Anhoerung,11
Gauland,11
waechst,11
Boden,11
Uniform,11
Populisten,11
Aussagen,11
Nationalismus,11
Macron,11
Asyl,11
LtwBayern,11
The,11
Arbeitnehmer,11
Frank,11
beenden,11
einige,11
Hamas,11
buergerlichen,11
transatlantische,11
Mietendeckel,11
bekaempft,11
Afghanistan,11
franzoesischen,11
2016,10
Brief,10
Tatsache,10
Bundeshaushalt,10
Europe,10
Wirkung,10
Mittelstand,10
fahren,10
Hause,10
Dieses,10
unabhaengig,10
Erklaerung,10
Darueber,10
Sorgen,10
Alternative,10
spreche,10
Hessen,10
naeherammenschen,10
Nuernberg,10
groessten,10
schlaegt,10
Beide,10
RIP,10
vorher,10
ruhig,10
Hinweis,10
einig,10
nehme,10
weiteres,10
oeffentlichen,10
Neue,10
Gespraechen,10
Ausweitung,10
fassungslos,10
99,10
enorm,10
stelle,10
Regionen,10
cdu,10
27,10
geschehen,10
fand,10
vorgestellt,10
Koennen,10
Runde,10
Kongress,10
AG,10
Unbedingt,10
Gleichberechtigung,10
Link,10
dahin,10
einigen,10
Veranstaltung,10
Vogel,10
Widerspruch,10
Spitzenkandidaten,10
Frohe,10
begruessen,10
Manfred,10
Weber,10
Christian,10
insbesondere,10
weitergehen,10
Sommerzeit,10
Zeitpunkt,10
schwieriger,10
erfuellen,10
Aufbruchs,10
tolles,10
Watch,10
Rauchen,10
Mediennutzung,10
jedenfalls,10
Impfung,10
warten,10
Daten,10
Diesen,10
Anzahl,10
Staerkung,10
Sport,10
impfen,10
bevor,10
Feuerwehr,10
Partnern,10
stand,10
Stelle,10
Gruppen,10
besuchen,10
Richtige,10
quasi,10
verboten,10
Wichtiger,10
Angebot,10
Siehe,10
Buch,10
Krieg,10
Trotz,10
konsequente,10
ok,10
Lasst,10
leid,10
Baer,10
melden,10
klappt,10
ebenfalls,10
sog,10
Wow,10
bieten,10
Vertreter,10
moegliche,10
schliesst,10
Ernst,10
beendet,10
gefaehrlich,10
sitzt,10
entfernt,10
more,10
Zugang,10
hoffentlich,10
Grosses,10
Nazi,10
absolute,10
Umfeld,10
staerkt,10
Bayerische,10
versuchen,10
funktionieren,10
schlimm,10
kritisiert,10
irgendwann,10
Falsch,10
Dialog,10
Hach,10
gekaempft,10
Bayer,10
akzeptieren,10
2017,10
Deutscher,10
Organisation,10
regiert,10
Schau,10
Euren,10
Sagt,10
seeon2019,10
schoener,10
JAzuBayern,10
Kauder,10
Kreuz,10
freien,10
Freistaat,10
nationale,10
Karfreitag,10
Glaubwuerdigkeit,10
betonen,10
Kanzleramt,10
Realitaet,10
zustaendig,10
Bundesminister,10
Wird,10
Robert,10
Hunger,10
Prozess,10
abschaffen,10
Unrecht,10
offenbar,10
All,10
Genossen,10
Sanktionen,10
Dachte,10
vollstaendig,10
Kategorie,10
gefallen,10
wirtschaftliche,10
wen,10
Rhetorik,10
mach,10
Herrn,10
Rot,10
Verteidigung,10
entscheidende,10
zaehlen,10
verlassen,10
Gegner,10
Masterplan,10
Marx,10
Syrien,10
breite,10
Samesame,10
Reihe,10
Deinem,10
Selbstverstaendlich,10
Afrika,10
Hans,10
Stasi,10
FreiheitstattSozialismus,10
liberale,10
Helmut,10
ausgehetzt,10
Mali,10
Ungarn,10
Musterfeststellungsklage,10
Joachim,9
entlasten,9
Groko,9
Toll,9
h,9
Konzept,9
OePNV,9
verbindet,9
Bad,9
Donnerstag,9
Vorsicht,9
Betroffenen,9
Anlagen,9
gelingen,9
grosses,9
Neuinfektionen,9
Ratspraesidentschaft,9
Maennern,9
Podcast,9
zweiten,9
September,9
stattfinden,9
aufgestellt,9
IT,9
durfte,9
Dezember,9
vermissen,9
eindeutig,9
PM,9
schwarz,9
behalten,9
getestet,9
setze,9
Bundesrat,9
entscheidend,9
spannender,9
erhoeht,9
Fortschritt,9
Papier,9
Treffen,9
miteinander,9
konkret,9
Bundestagsfraktion,9
ZDF,9
Vertretung,9
Augenmass,9
Fahrverbote,9
verbessern,9
Reise,9
Seeon19,9
Luft,9
acht,9
Buergern,9
Rente,9
Jahres,9
Sommer,9
Zug,9
22,9
Silberhorn,9
meines,9
Los,9
one,9
solidarisch,9
Grossartig,9
Naloxon,9
notwendigen,9
COVID,9
Tochter,9
Drogen,9
Versorgung,9
sinnvoll,9
Suchtkranke,9
Vergelt,9
o,9
aufs,9
Internet,9
drin,9
Kameradinnen,9
Gewinn,9
Bereicherung,9
Sauber,9
bleibe,9
Vorbilder,9
beweist,9
Grundordnung,9
Masken,9
Genesung,9
oefter,9
folgen,9
offene,9
Demo,9
Gift,9
Strukturen,9
Oberbayern,9
Bedingungen,9
Bleibt,9
Zigaretten,9
Blockade,9
Regulierung,9
Vordergrund,9
Schande,9
Stuttgart,9
Gilt,9
stattdessen,9
kuemmern,9
Analyse,9
bezeichnen,9
grossartig,9
Grosser,9
Behoerden,9
Ehrenamt,9
beginnen,9
Niveau,9
JU,9
ueberzeugt,9
grossem,9
Januar,9
stehe,9
Ludwig,9
mancher,9
ohnehin,9
Gebot,9
demokratischer,9
waehlt,9
erwartet,9
Christkind,9
Tagung,9
German,9
Wahlbeteiligung,9
Argument,9
Ueberraschung,9
verdienen,9
65,9
Auftakt,9
Frauenanteil,9
219a,9
teilen,9
ueberlegen,9
LtwBY18,9
Hauptsache,9
kaempft,9
bestaetigt,9
entsteht,9
Montag,9
Kommunikation,9
Strauss,9
Soli,9
kannst,9
Widerstand,9
zukuenftig,9
geschaffen,9
Einmal,9
Rechtlichen,9
unterschiedliche,9
kritisieren,9
schlechter,9
werben,9
Letztlich,9
anlaesslich,9
Photovoltaik,9
geloest,9
gestaerkt,9
Staates,9
Immerhin,9
wirtschaftlich,9
betrachtet,9
falschen,9
selten,9
90,9
immerhin,9
haengt,9
Dankbarkeit,9
wundern,9
Kern,9
Kohleausstieg,9
Kohle,9
Versuch,9
zwingend,9
Souveraenitaet,9
geloescht,9
zuerst,9
erlaubt,9
Egal,9
Republik,9
AnneWill,9
Hauptstadt,9
erledigt,9
inhaltlich,9
Wobei,9
Unrechtsstaat,9
buergerlich,9
Oeffentlich,9
globalen,9
Frueher,9
berichtet,9
bedarf,9
gaebe,9
politischer,9
Fussball,9
Katastrophe,9
kluger,9
Manche,9
Offensichtlich,9
ODER,9
Nun,9
warst,9
wem,9
Welle,9
Juni,9
folgt,9
endgueltig,9
Stil,9
Jipp,9
et,9
regieren,9
Milliarden,9
peinlich,9
Hongkong,9
radikale,9
weshalb,9
Juden,9
Venezuela,9
beitragen,9
verhaeltnismaessig,9
Asylverfahren,9
General,9
le,9
Stabilisierung,9
Lieferkettengesetz,9
Nachdruck,9
Breitscheidplatz,9
automatischen,9
Personen,8
Bedrohung,8
Gesetze,8
Migrationspakt,8
offiziell,8
Sondierungsgespraeche,8
Wiederwahl,8
zugestimmt,8
Klimaschutzgesetz,8
indem,8
achten,8
foerdert,8
Bundesverfassungsgerichts,8
Klimaziel,8
noetig,8
Annalena,8
Joe,8
Kanzlerkandidat,8
Zusammen,8
Steuern,8
PV,8
Rechtssicherheit,8
V,8
26,8
begruesse,8
begegnen,8
schnellstmoeglich,8
Verlust,8
staendig,8
EU2020DE,8
Beweis,8
Bewegung,8
Bereichen,8
Toller,8
Klimabeauftragte,8
online,8
droht,8
entsprechend,8
profitieren,8
Bundesverkehrsminister,8
60,8
Nummer,8
Pfingsten,8
Vorteil,8
Kontext,8
finanziell,8
eingehalten,8
bundesweit,8
CoronaVirusDE,8
FlattenTheCurve,8
Coronavirus,8
negativ,8
Bauern,8
Diskussionen,8
Jan,8
Landrat,8
Landkreis,8
Kriminalitaet,8
seeon20,8
Schuelerinnen,8
Bilanz,8
Tradition,8
Premierminister,8
Angesichts,8
Wetter,8
Besonders,8
ehemaligen,8
Kindesmissbrauch,8
gelungen,8
ihres,8
csuliefert,8
erlebt,8
Muetterrente,8
besucht,8
investiert,8
Nationalisten,8
Vorfeld,8
Mieter,8
hoechste,8
Weiter,8
Josef,8
Raucher,8
Tipps,8
Lehrer,8
Testen,8
Read,8
schweren,8
Stueck,8
BT,8
verharmlost,8
Sucht,8
wieso,8
Leid,8
Film,8
Euer,8
gesunde,8
haeufig,8
selber,8
servicetweet,8
Alter,8
umgehen,8
mega,8
echten,8
Begrenzung,8
Fake,8
Fakt,8
sozial,8
wegenmorgen,8
usw,8
Florian,8
Mitteln,8
Games,8
angehen,8
nett,8
harmreduction,8
Darf,8
normal,8
aufgefallen,8
first,8
Einzelhandel,8
Nochmal,8
erleben,8
deswegen,8
Anstrengungen,8
Weiss,8
sachliche,8
beantwortet,8
Urlaub,8
ma,8
Bundeslaender,8
gerettet,8
Kolbermoor,8
Mannschaft,8
reagieren,8
Lockerungen,8
Nix,8
willkommen,8
konkrete,8
may,8
August,8
zufrieden,8
fuehlt,8
trifft,8
gefaellt,8
Auseinandersetzung,8
Allerdings,8
strongertogether,8
zuhause,8
Extremismus,8
Not,8
gerecht,8
jenen,8
wenigen,8
Ah,8
besonderen,8
engagierten,8
Waehrend,8
Lager,8
Lob,8
Abgrenzung,8
P,8
Fest,8
wollten,8
komplett,8
Bavaria,8
dienen,8
Optimismus,8
Go,8
Osten,8
Volles,8
200,8
geimpft,8
Echt,8
Vorstoss,8
Tempolimit,8
Georgien,8
Rettungskraefte,8
ned,8
wertvoll,8
Gesetzentwurf,8
Juli,8
Erneuerung,8
Muetter,8
beteiligt,8
Demonstranten,8
starker,8
Wohnraum,8
soviel,8
Intelligenz,8
Franz,8
Vorgaenge,8
Wandel,8
globale,8
Dimension,8
gebe,8
aufpassen,8
have,8
spaetestens,8
Gefuehl,8
lass,8
Jahreswirtschaftsbericht,8
Steuererhoehungen,8
Rueckgang,8
ernsthaft,8
Seine,8
39,8
Finale,8
Ergebnissen,8
Darstellung,8
vereinbart,8
ausreichend,8
500,8
verzichten,8
eng,8
Doppelmoral,8
about,8
Brauchen,8
gewartet,8
i,8
COVID19de,8
Unternehmer,8
noafd,8
Notwendigkeit,8
Botschafter,8
Lufthansa,8
interessiert,8
anfangen,8
verhandelt,8
Gender,8
Schroeder,8
missbraucht,8
geholfen,8
fahre,8
jetzige,8
entschuldigen,8
desto,8
Hinsicht,8
Schmidt,8
Wettbewerbsfaehigkeit,8
Wirtschaftspolitik,8
argumentieren,8
aussen,8
Anschlag,8
Peter,8
en,8
Gruen,8
Lust,8
beschaeftigt,8
schadet,8
Symbol,8
Identitaet,8
historische,8
keinem,8
verantwortungslos,8
Oezil,8
wundert,8
by,8
Taeter,8
Integritaet,8
Beschaeftigung,8
Bundeskanzler,8
musst,8
Voraussetzung,8
historischen,8
Datenstrategie,8
Anstand,8
Liste,8
Yeah,8
Hammer,8
Solange,8
beschaeftigen,8
klug,8
ausgesprochen,8
verdanken,8
Vorsitzender,8
diesmal,8
spalten,8
Anti,8
verurteilt,8
buergerliche,8
Umfragen,8
Putin,8
Haerte,8
Mob,8
Volk,8
aufgeklaert,8
Angriffe,8
Regime,8
b2908,8
Wehrpflicht,8
Nachzulesen,8
rechtsextremen,8
MSC2020,8
Beschaeftigten,8
Untersuchungsausschuss,8
Erwartung,8
Grundsatz,8
klares,8
Reserve,8
Amtshilfe,8
G5,8
Irak,8
KeineGEZErhoehung,8
Entwicklungszusammenarbeit,8
Haltungen,8
Gaesten,7
entstehen,7
aufhoeren,7
klaeren,7
Bundeskabinett,7
investieren,7
Kauf,7
Bahnfahren,7
Wissen,7
klimaschutz,7
meistern,7
Impfungen,7
verabschieden,7
fair,7
Energiewende,7
mitnehmen,7
Zustand,7
Parlamentarier,7
Praesidentschaft,7
Kraeften,7
Waerme,7
behaupten,7
Abschluss,7
stattfindet,7
Nachlesen,7
kickoff20,7
PS,7
Termin,7
legt,7
weisst,7
Krisen,7
gezielt,7
verstaendigt,7
ausgeht,7
testen,7
Habt,7
Klimakreis,7
Social,7
Media,7
benoetigen,7
international,7
Vielfalt,7
furchtbaren,7
Ereignisse,7
Klimapaket,7
Wettbewerb,7
Buergermeister,7
HorstSeehofer,7
laendlichen,7
AKK,7
Verbindung,7
Kommissionspraesidentin,7
Wirtschaftswachstum,7
Staatssekretaer,7
Weichen,7
Jungen,7
Vorhaben,7
Sozialdemokraten,7
Forum,7
hervorragende,7
gemeinsames,7
Fast,7
Frankfurt,7
Fluchtursachen,7
Katowice,7
Ehre,7
Polen,7
Stephan,7
brechen,7
beschliessen,7
Gerhard,7
herausragende,7
Erhalt,7
angekommen,7
Kilometer,7
Klartext,7
weiterer,7
Tolle,7
besondere,7
Schoenes,7
Bedarf,7
Wohnungsbau,7
Mieten,7
Sondierungen,7
Seeon18,7
Neuwahlen,7
Ministerin,7
Rauchstopp,7
unertraeglich,7
nachlassen,7
ueberraschend,7
meist,7
Presse,7
extrem,7
Risiko,7
Plattform,7
stay,7
durchs,7
Krankheit,7
gestartet,7
Rueckenwind,7
day,7
suchtbelasteten,7
not,7
Welche,7
Stiftung,7
Jugendlichen,7
niemandem,7
Medienkonsum,7
Wege,7
Darum,7
geliefert,7
Drogenpolitik,7
Schuldenbremse,7
UND,7
TV,7
durchgesetzt,7
richtiger,7
Lesen,7
schade,7
Risiken,7
Laune,7
besprochen,7
Lesenswert,7
vielmehr,7
Feind,7
freiheitlich,7
Demokraten,7
Kitas,7
dank,7
NICHT,7
Like,7
finanzielle,7
Android,7
Lasten,7
BRK,7
herausragenden,7
evtl,7
geleistet,7
Prioritaeten,7
vorsichtig,7
geprueft,7
See,7
formuliert,7
Gemeinsamkeit,7
zunehmend,7
gelegt,7
Meinen,7
Wohl,7
Reden,7
entschuldigt,7
Gesundheitsschutz,7
unfassbar,7
manchen,7
korrekt,7
Allianz,7
Stadtrat,7
Spricht,7
angesagt,7
vergleichen,7
Bisschen,7
Stichwort,7
spueren,7
Jungs,7
Systeme,7
verstaerken,7
kapiert,7
hingewiesen,7
Cool,7
ran,7
lasse,7
erfunden,7
schwerer,7
grossartigen,7
Wahlrechtsreform,7
zustimmen,7
as,7
schliesse,7
liefern,7
Vertrag,7
Nachbarn,7
Nachbarschaft,7
beruehrt,7
bereitet,7
top,7
Kandidatin,7
ggue,7
Riesen,7
total,7
FCBayern,7
Generalanwalt,7
Szenarien,7
Brinkhaus,7
Selbstverstaendlichkeit,7
That,7
blicken,7
sichern,7
Advent,7
engagieren,7
geistigen,7
gelebt,7
Bundeslaendern,7
BetterEurope,7
ausbauen,7
Volkstrauertag,7
What,7
that,7
lag,7
zahlen,7
weibliche,7
angemessen,7
Volksparteien,7
Abstimmungen,7
ltwby,7
Jobs,7
Peinlich,7
Schaden,7
Staatsministerin,7
wenigstens,7
empfangen,7
TVDuell,7
tvduell,7
zeitnah,7
Details,7
new,7
Sehen,7
entscheidenden,7
Chemnitz,7
oekonomisch,7
beurteilen,7
vollkommen,7
Menschenleben,7
Inzidenz,7
ginge,7
intensiver,7
Option,7
streiten,7
Vergessen,7
meinst,7
wichtigsten,7
Hab,7
Zustaende,7
schaden,7
Papst,7
rechtlich,7
Beruf,7
Glaube,7
Weltmeister,7
hoert,7
jung,7
bester,7
britischen,7
Verachtung,7
nationalen,7
Politikern,7
Verguetung,7
Begruendung,7
mind,7
einzelne,7
Grundrechte,7
Problemen,7
Kohl,7
daneben,7
anscheinend,7
beigetragen,7
dargestellt,7
AFD,7
Stauffenberg,7
vs,7
stimmen,7
Protest,7
Feiertage,7
Mehrwertsteuer,7
28,7
Je,7
afd,7
nachdenken,7
fassen,7
Kommunismus,7
Kandidat,7
waer,7
Empathie,7
Suche,7
betont,7
angegriffen,7
einzutreten,7
WM,7
eintreten,7
Haende,7
gesehen,7
Verhaeltnisse,7
Islam,7
oeffentliche,7
schlechte,7
Senat,7
Niedersachsen,7
bisserl,7
gescheitert,7
Maassen,7
schwaechen,7
Hoffentlich,7
Selbst,7
StGB,7
Taten,7
twittern,7
BVerfG,7
nachvollziehbar,7
verfolgt,7
grundsaetzlich,7
These,7
Steinmeier,7
Deinen,7
verbreiten,7
Ne,7
voller,7
haerter,7
bekennen,7
wirst,7
No,7
Bislang,7
Empoerung,7
vernuenftig,7
Great,7
Wasser,7
re,7
Profilbild,7
Bamberg,7
Thanks,7
Typisch,7
Ausnahme,7
stv,7
persoenlichen,7
Menschenbild,7
kaputt,7
Ueberzeugung,7
Propaganda,7
sozialistischen,7
indes,7
verurteilen,7
autoritaere,7
unverzichtbar,7
Richtung21,7
Erwaegungen,7
Aussenminister,7
DannenroederForst,7
Extremist,7
friedliche,7
verpflichtet,7
entgegenstellen,7
Populismus,7
rechtsstaatliche,7
State,7
demokratisch,7
offener,7
gg,7
verstaerkt,7
Werten,7
gebuehrt,7
Gastronomie,7
historischer,7
enger,7
Einige,7
180,7
Orban,7
stellv,7
Polizeibeamte,7
Menschenrechtsverletzungen,7
Drohne,7
Streitkraefte,7
gewaehlten,7
Min,7
MdBs,7
Entwicklungspolitik,7
BMZ,7
Erlangen,7
Familiennachzug,7
Kinderarbeit,7
Grossstadt,7
Entscheidungsloesung,7
Fidesz,7
Auslandsschulen,7
EGMR,7
franzoesische,7
Eintreten,7
Entschaedigung,7
gebotene,7
erfolgreicher,6
Staatsangehoerigkeit,6
Bundesebene,6
Endspurt,6
Herrmann,6
Zuwanderung,6
beschleunigen,6
welchem,6
aufnehmen,6
Technologie,6
Einnahmen,6
Aufbruch,6
Dennoch,6
Format,6
wollt,6
Unterschiede,6
hoehere,6
Videokonferenz,6
Lesung,6
Sieg,6
Rueckkehr,6
zw,6
Sein,6
Beileid,6
dt,6
Sektoren,6
Instrument,6
Vermeidung,6
Tagesordnung,6
U,6
fit,6
Kitzingen,6
Glueckwuensche,6
Firma,6
Versorgungssicherheit,6
Positionspapier,6
Stellung,6
privaten,6
zweimal,6
Eines,6
komplette,6
Baustein,6
Akt,6
greift,6
Rechnung,6
teil,6
Bereiche,6
Naechster,6
beschlossenen,6
Gemeinsame,6
engen,6
Kreativitaet,6
Einzelnen,6
klima,6
HolocaustGedenktag,6
Steuer,6
1990,6
35,6
Klimakonferenz,6
Marco,6
Sebastian,6
konstruktiven,6
Bewahrung,6
Starkes,6
berlin,6
zentrale,6
begleitet,6
saemtliche,6
Fraenkin,6
nachzulesen,6
gegruendet,6
darunter,6
Unterfranken,6
Waffen,6
Innen,6
ergeben,6
Wohnen,6
national,6
Erfolgsgeschichte,6
Hoert,6
Annegret,6
kennengelernt,6
heisse,6
nationaler,6
gefeiert,6
kennenlernen,6
erneuten,6
gratuliere,6
Gemeinden,6
menschlich,6
Schritte,6
uebernommen,6
moechten,6
Marokko,6
Vorgaben,6
Grenzwerte,6
Wohnung,6
Erfolge,6
jazuBayern,6
Kommissionspraesident,6
eu,6
Vorfreude,6
Ausstieg,6
lehnen,6
Alternativen,6
Wohnungen,6
Weitere,6
Traum,6
vertreten,6
Rauchausstieg,6
Tabak,6
zuletzt,6
emotional,6
2022,6
Angebote,6
erleichtern,6
Schwaechsten,6
Betroffene,6
ausgetauscht,6
gezogen,6
Hintergrund,6
Exakt,6
Grenzkontrollen,6
Belastung,6
flaechendeckende,6
Schadensminimierung,6
Jedes,6
schuldig,6
Medienkompetenz,6
abgesehen,6
zugaenglich,6
Stark,6
Kontrolle,6
Himmel,6
Uebung,6
Gleichzeitig,6
Daran,6
Einschaetzung,6
Beteiligten,6
oeffnen,6
betroffenen,6
Thank,6
Passt,6
drueben,6
jederzeit,6
Done,6
davor,6
geredet,6
jemals,6
dauerhaft,6
wirken,6
Gluecksspiel,6
Information,6
erfordert,6
Rueckmeldung,6
KEIN,6
Woher,6
vieler,6
gemeinsamer,6
oftmals,6
trinken,6
formulieren,6
virtuellen,6
Vize,6
erfahren,6
kuemmert,6
do,6
geglaubt,6
Modell,6
NeverForget,6
Alkohol,6
diskriminiert,6
Polizistinnen,6
Rueckendeckung,6
FC,6
Essen,6
nachzudenken,6
geeignet,6
Balance,6
mitten,6
Achtung,6
erkennen,6
soeben,6
Unabhaengig,6
erwarten,6
beschimpft,6
vermeintlich,6
Esken,6
aufklaeren,6
weh,6
Leipzig,6
Blockabfertigung,6
sicherer,6
verkaufen,6
hilfreich,6
Deiner,6
Bundesliga,6
Yep,6
Vier,6
Gastro,6
erzte,6
Vorstellung,6
definitiv,6
duerfte,6
Interessant,6
Sag,6
Koennte,6
taeglichen,6
solcher,6
wachsen,6
Bundesland,6
Stichwahlen,6
MP,6
anderswo,6
aeusserst,6
out,6
Parteivorsitzender,6
hingegen,6
teilweise,6
Flughafen,6
Nationalsozialismus,6
mutig,6
Verteidigungsministerin,6
Publikum,6
Zufall,6
Inntal,6
Post,6
Geloebnis,6
Besten,6
Expertise,6
fordere,6
Eben,6
Verordnung,6
Philipp,6
Passau,6
Aufmerksamkeit,6
Scheuer,6
Tunesien,6
Einsatzkraeften,6
extremen,6
Vortrag,6
dritten,6
christlichen,6
gesegnete,6
lt,6
Rueckzug,6
Helsinki,6
glueckliche,6
Inhalten,6
morgens,6
langer,6
Kaffee,6
Gleichheit,6
Neubau,6
JazuBayern,6
Talk,6
verteilen,6
Edmund,6
Stoiber,6
digitaler,6
naechstes,6
staerkste,6
rum,6
Irgendwie,6
Vaeter,6
Witz,6
Verbundenheit,6
right,6
Lenz,6
With,6
Name,6
behauptet,6
gesetzliche,6
Transparenz,6
Erkenntnis,6
find,6
bedeuten,6
Faelle,6
wusste,6
Oktoberfest,6
ICE,6
begonnen,6
ergibt,6
Bio,6
FightCOVID19,6
gesellschaftliche,6
demonstrieren,6
koennten,6
Klarstellung,6
kW,6
Pflegekraefte,6
schau,6
empfehlen,6
Steuerung,6
Befreiung,6
Weitsicht,6
Geschenk,6
vorgehen,6
befindet,6
Wirecard,6
vertrauen,6
President,6
redet,6
fuerchte,6
grob,6
Oppermann,6
zahlt,6
Betriebe,6
tief,6
Friedensnobelpreis,6
Nobelpreis,6
Wirklich,6
global,6
Denke,6
Entwicklungen,6
sitzen,6
Wertschoepfung,6
verfassungskonform,6
naiv,6
Investoren,6
Keiner,6
2038,6
KOM,6
Meilenstein,6
beantragt,6
Beschluesse,6
Meister,6
c,6
NS,6
solches,6
Groesse,6
verkuendet,6
wunderbar,6
ermordet,6
produzieren,6
Arbeitsplaetzen,6
verliert,6
zunaechst,6
Umsatzsteuer,6
Ausgaben,6
pauschal,6
geringer,6
erwaehnt,6
gestimmt,6
schliesslich,6
Siemens,6
loeschen,6
BorisJohnson,6
kostet,6
hervorragender,6
Ahh,6
what,6
can,6
Bildungspolitik,6
Unterhaus,6
wehrhaften,6
null,6
Veraenderungen,6
bedanken,6
fuenf,6
aufstellen,6
Chaos,6
zweites,6
Verbraucher,6
keines,6
ehem,6
Spannend,6
Demokratien,6
Abtreibungen,6
erzielt,6
Mitleid,6
ruft,6
amerikanische,6
beschliesst,6
erkennt,6
spd,6
echtes,6
ausdruecklich,6
Handlungsfaehigkeit,6
BTW17,6
erschreckend,6
ideologisch,6
Demonstrationen,6
nennen,6
unterstuetze,6
Religionsfreiheit,6
Katalonien,6
diesbezueglich,6
ueberfaellig,6
erstes,6
Verstoss,6
eh,6
jamaika,6
Lindner,6
aehnlich,6
Bundestagspraesident,6
umzusetzen,6
Bremen,6
Bruecken,6
Falle,6
Spoiler,6
Humor,6
Club,6
unterzeichnet,6
see,6
Update,6
Lass,6
diskutiere,6
Ihrem,6
gewusst,6
Wollte,6
heuer,6
folge,6
ueberlassen,6
gratuliert,6
Nominierung,6
Argumente,6
Sich,6
falls,6
Flausch,6
Bescheid,6
discussion,6
H,6
Bundeskanzleramt,6
Verein,6
Wollen,6
Mama,6
Rund,6
Digitales,6
justsaying,6
wahre,6
Organisationen,6
Verwaltung,6
Diskurs,6
bilden,6
Ton,6
Kaum,6
Wahrnehmung,6
gebilligt,6
Fraktionssitzung,6
nominiert,6
bedroht,6
Sender,6
Unfassbar,6
Strafe,6
Sprecher,6
rechtfertigen,6
Neubauer,6
linksextrem,6
rechtsextreme,6
verfassungswidrig,6
Provokation,6
WirDankenEuch,6
freiheitlichen,6
Ernstes,6
Linksextremismus,6
Vermutlich,6
Brandt,6
sozialistische,6
MSC2021,6
Verbotspartei,6
Beteiligung,6
verlangt,6
KZ,6
Navalny,6
vergiftet,6
Polizeiproblem,6
Gefaehrder,6
Heuchelei,6
gruener,6
Parlamentsarmee,6
Liebig34,6
klugen,6
Hufeisen,6
Z,6
tritt,6
Kalbitz,6
ueberrascht,6
Drohnendebatte2020,6
Grundsaetze,6
Muenster,6
Reformen,6
Kontinent,6
un,6
Eurofighter,6
Lektueretipp,6
IGW2019,6
notwendiger,6
Krankenhaeusern,6
Sicherheitsrat,6
transatlantic,6
konstruktive,6
Terrorismus,6
DEU,6
Burkina,6
Faso,6
EUTM,6
l,6
friedliches,6
law,6
solide,6
geklaert,6
handlungsfaehig,6
Arbeitnehmern,6
Chaoten,6
gewaltbereiten,6
Aufarbeitung,6
Miete,6
erfolgt,6
Verhinderung,6
Netzwerke,6
NSU,6
Pruefung,6
BER,5
Asylrecht,5
entziehen,5
blockiert,5
Nr,5
Gefaellt,5
Ergaenzung,5
Sondierung,5
Spannendes,5
globaler,5
Koepfen,5
Laufen,5
Konsens,5
Emissionen,5
Carsten,5
Bundesverfassungsgericht,5
praesentiert,5
Naechste,5
Nachmittag,5
Entwurf,5
demonstriert,5
Strom,5
befreit,5
Konzepte,5
Novelle,5
Nutzung,5
attraktiver,5
Ihm,5
Ueberzeugungen,5
zusammenhalten,5
erarbeitet,5
Vorreiter,5
TagderDeutschenEinheit,5
Klimaschutzbeauftragte,5
nachhaltige,5
YouTube,5
natuerliche,5
dreht,5
erklaere,5
now,5
bundesweite,5
schnellere,5
Krankenhaeuser,5
tuned,5
Buergersprechstunde,5
Standort,5
reduziert,5
Herzliche,5
Spatenstich,5
Bayerns,5
Sondersitzung,5
CoronaWarnApp,5
Google,5
Garant,5
Dort,5
Wiederaufbau,5
Quarantaene,5
zahlreiche,5
riskiert,5
verlaengert,5
Osterfest,5
Bleiben,5
gebeten,5
Darin,5
Ausbreitung,5
runter,5
Mittelschule,5
Rahmenbedingungen,5
betrifft,5
reduzieren,5
Mitgefuehl,5
nachlesen,5
alter,5
ehrenamtlich,5
Spannender,5
ueberprueft,5
spannenden,5
moeglichen,5
Packen,5
European,5
Naehe,5
Kloster,5
konstruktiver,5
Paket,5
setzte,5
qualitativ,5
solch,5
angenommen,5
Martin,5
Schoepfung,5
Irland,5
Delegierten,5
beklagen,5
Ebenen,5
UnserEuropa,5
Kreislaufwirtschaft,5
besetzen,5
StarkfuerBayern,5
Impulse,5
Maedchen,5
Wahlprogramm,5
Haenden,5
Graf,5
geplante,5
Bewusstsein,5
lesenswert,5
Klaus,5
Leopoldina,5
klartext,5
Gerechtigkeit,5
unterhalten,5
Frauenwahlrecht,5
besonderes,5
mitmachen,5
Erweiterung,5
Staedte,5
stabil,5
Oekologie,5
Maria,5
Winter,5
franken,5
Lena,5
Zurueckweisung,5
Premiere,5
Phase,5
Grundgesetzes,5
Einer,5
Berufen,5
Unions,5
Willy,5
Gremium,5
ehrenamtlichen,5
Handwerk,5
Konstituierung,5
Unterstuetzer,5
langjaehrige,5
Zigarette,5
riesig,5
gesunden,5
AstraZeneca,5
StandWithIsrael,5
leiden,5
Voellig,5
ueben,5
Juengeren,5
Ansprache,5
Grundschulen,5
Oft,5
kostenlose,5
lohnen,5
3000,5
dorthin,5
Straftaten,5
wirtschaft,5
sechs,5
juengeren,5
stoppen,5
groesseren,5
Lehrerinnen,5
entwickelt,5
jemanden,5
Praesenzunterricht,5
Logo,5
Stoff,5
Religion,5
Schicksal,5
zeigte,5
Drogenkriminalitaet,5
geklappt,5
Ball,5
Erfahrungen,5
Missbrauch,5
Klares,5
wachsam,5
Regelungen,5
fairen,5
aushalten,5
Rat,5
Schulschliessungen,5
Massstaebe,5
Veroeffentlichung,5
much,5
Erster,5
Kapitel,5
fortsetzen,5
Suchthilfe,5
zuversichtlich,5
islamistische,5
Lehre,5
traurige,5
Widerlich,5
Alten,5
kommentieren,5
Schwerpunkte,5
Global,5
Party,5
LIKE,5
Zuhoeren,5
Gewinner,5
Ueberfaellig,5
NeverAgain,5
isser,5
Bestandteil,5
Monika,5
Empfohlen,5
WELT,5
ll,5
Grad,5
zahlreichen,5
Unterricht,5
Eingriff,5
angekuendigten,5
Regen,5
Rueckmeldungen,5
hinaus,5
bekomme,5
Wichtiges,5
Vorsprung,5
Nationaler,5
Ansage,5
einzig,5
legen,5
Tabakwerbeverbot,5
good,5
Direkt,5
Told,5
angesprochen,5
Sozialdemokrat,5
kuenftigen,5
schwarze,5
schwierige,5
gelassen,5
Technik,5
Vorbildlich,5
urteilen,5
zieht,5
sowieso,5
OMG,5
veraendert,5
begeistert,5
Produkte,5
Erkenntnisse,5
CSUVPT20,5
Unionsfraktion,5
beschraenken,5
Reminder,5
ach,5
Community,5
no,5
ups,5
systemrelevant,5
Seele,5
niewieder,5
Patienten,5
treffend,5
enthalten,5
Praesenz,5
DANKE,5
Titel,5
Ausgang,5
Meldung,5
Augenhoehe,5
wuenscht,5
Insbesondere,5
Hey,5
Verrohung,5
Portugal,5
g,5
aufwaerts,5
299,5
Widerspruchsloesung,5
Olaf,5
Eigentum,5
geblieben,5
Kufstein,5
Sued,5
Rosenheimer,5
Naechstes,5
Mandat,5
komm,5
Begeisterung,5
Mord,5
Michael,5
Sturm,5
Solche,5
aufgenommen,5
Diesel,5
Zumindest,5
konzentrieren,5
vonderLeyen,5
Fortsetzung,5
Kommissionspraesidenten,5
A8,5
Vision,5
blau,5
voraus,5
Verschaerfung,5
geimpften,5
veraendern,5
spaltet,5
ernste,5
Staedten,5
radikal,5
unnoetig,5
Quelle,5
CSUPT19,5
Einstufung,5
Algerien,5
harter,5
23,5
zerstoeren,5
dir,5
cdupt18,5
Fahrer,5
erheblich,5
zweifelsfrei,5
reisen,5
Einigkeit,5
Aufstellung,5
Soziale,5
europa,5
bewirbt,5
engagierte,5
29,5
Mitbuerger,5
Europawahlkampf,5
pleasure,5
TeamManfred,5
need,5
security,5
us,5
geboren,5
nutzt,5
Schuhe,5
Kandidatur,5
Nachwuchs,5
Verabschiedung,5
analysieren,5
finanzieren,5
ltwBY18,5
Lebensqualitaet,5
ler,5
Drei,5
individuell,5
Berichterstattung,5
Raumfahrt,5
Wunder,5
klein,5
Ebersberg,5
liest,5
pflegen,5
Niederbayern,5
Gewissen,5
Wald,5
genannten,5
Haushalte,5
Journalismus,5
Limit,5
Scholl,5
lobt,5
Boris,5
verbunden,5
Klarheit,5
Logisch,5
Vorwurf,5
Werk,5
Abgeordneter,5
seines,5
geschaut,5
OlafScholz,5
erneuern,5
Aufforderung,5
betreiben,5
Vorsorge,5
staatlichen,5
regional,5
hoher,5
erneute,5
braeuchte,5
jeglicher,5
logisch,5
Mangel,5
Behandlung,5
time,5
konservativ,5
gering,5
Multilateralismus,5
Ministerium,5
verhandeln,5
Sichtbarkeit,5
Grunde,5
but,5
Spaetestens,5
Einsatzkraefte,5
Parlaments,5
Sympathie,5
x,5
Koalitionspartner,5
letztes,5
Strasse,5
Funktion,5
bloed,5
Popper,5
gewoehnen,5
Proteste,5
irgend,5
bewahren,5
grad,5
strategische,5
Reiche,5
begruendet,5
Landtag,5
Kalkuel,5
Flaggen,5
selben,5
normale,5
Produktion,5
empfehle,5
ansehen,5
BaFin,5
christlich,5
nebenbei,5
Quote,5
produziert,5
vorstellbar,5
Nachhinein,5
besorgniserregend,5
Fleisch,5
Deckel,5
Branche,5
Spanien,5
TagderBundeswehr,5
Fronleichnam,5
Koalitionsausschuss,5
Geist,5
nachher,5
Zufaelle,5
Lehren,5
Handelns,5
EZB,5
Grundrecht,5
gesetzlichen,5
Eurobonds,5
Ueberhaupt,5
staerkere,5
wichtigere,5
Jesus,5
auferstanden,5
has,5
Covid19,5
aendert,5
BIP,5
Kommunalwahlen,5
Baeume,5
oekonomischen,5
gratulieren,5
relevant,5
Leib,5
Panik,5
Standards,5
Fahnen,5
neulich,5
Ueberlegungen,5
Entlastungen,5
steigern,5
Greta,5
unmittelbar,5
Gemeinnuetzigkeit,5
Mauerfall,5
Eher,5
Nase,5
Daraus,5
just,5
Leistungen,5
Strafzoelle,5
grundfalsch,5
Nahles,5
Ramelow,5
souveraen,5
gestrichen,5
be,5
Chapeau,5
SDGs,5
naja,5
Bier,5
fertig,5
schaemen,5
Umstaenden,5
Never,5
Sonne,5
Schwaeche,5
Staatsbuerger,5
verletzt,5
their,5
05,5
Exit,5
internationaler,5
ausmacht,5
nachgedacht,5
betrachten,5
seien,5
Anstatt,5
gefaehrden,5
begrenzt,5
Einfuehrung,5
geaendert,5
Europaparlament,5
Spiegel,5
Logik,5
debattieren,5
Kaempfer,5
Weltkrieg,5
Oekonomie,5
Herren,5
Beitraege,5
Bundespraesident,5
Befragung,5
zugleich,5
wahrnehmen,5
Ruecktritt,5
wirft,5
GERSWE,5
kraeftig,5
Finanzminister,5
indirekt,5
Relativierung,5
erzielen,5
beantworten,5
Hammelsprung,5
Echo,5
belegt,5
gaga,5
Puigdemont,5
akzeptabel,5
Reihen,5
Olympia2018,5
tiefer,5
bedrohen,5
Eroeffnung,5
einfuehren,5
JamaikaSondierungen,5
JamaikaSondierung,5
JamaikaKoalition,5
Buendnis,5
Regierungsverantwortung,5
Huestel,5
finanziert,5
fei,5
twitterlaufgruppe,5
widerspricht,5
Spiele,5
Tijen,5
Konflikte,5
IMMER,5
Gruendung,5
spamblock,5
Hackathon,5
vorbereitet,5
passen,5
Dorothee,5
James,5
Besser,5
Danach,5
C,5
Kochen,5
done,5
DIE,5
Nie,5
ff,5
irre,5
Congratulations,5
Ding,5
bittedanke,5
Bewerbung,5
Bist,5
langem,5
Eurer,5
Jugendorganisation,5
Parlamente,5
Photo,5
Desinformation,5
Strang,5
zuviel,5
Arbeiten,5
Einhaltung,5
feiner,5
Verstehe,5
Knapp,5
Lieblings,5
verstoesst,5
N,5
Nationen,5
Lars,5
gebraucht,5
Eigenverantwortung,5
schaebig,5
Ebelsbach,5
Typ,5
Ruf,5
Juhu,5
abgestimmt,5
Schwachsinn,5
Konferenz,5
verwendet,5
Kannst,5
Gaehn,5
lachen,5
umgekehrt,5
gefaehrlichen,5
besitzen,5
Schwerpunkt,5
Bemerkenswert,5
w,5
Unterstellungen,5
freies,5
esport,5
regelmaessig,5
Gremien,5
druecken,5
Bundesrepublik,5
Geistes,5
2025,5
Ankuendigung,5
ausserhalb,5
Barbara,5
sorgt,5
fehlenden,5
gleichermassen,5
Stellen,5
tuerkischen,5
antisemitischen,5
Staatsraeson,5
Europatag,5
Beschaffung,5
wuetend,5
Worten,5
Wiederaufbaufonds,5
Studium,5
Arbeitslosigkeit,5
bestraft,5
Ecke,5
La,5
Einsaetze,5
Chrupalla,5
ehemaliger,5
Nachfolgepartei,5
bewegen,5
Drogendealer,5
Antisemit,5
Attacken,5
antidemokratischen,5
Gerede,5
Offenbar,5
Verstand,5
Truppenabzug,5
Kapitalismus,5
Jahrestag,5
RespektJetzt,5
linker,5
Nizza,5
wahres,5
Generalverdacht,5
angreift,5
linksextremen,5
Soldat,5
keinerlei,5
Funktionaere,5
Einklang,5
Antraege,5
entgegentreten,5
Landesregierung,5
Auflagen,5
beschaemend,5
Signale,5
unwuerdig,5
Jochen,5
freiheitstattsozialismus,5
Richter,5
Abruestung,5
ausgeschlossen,5
angekuendigte,5
Abzug,5
verfassungsrechtlich,5
optimistisch,5
festhalten,5
Spitzen,5
EP,5
coronavirus,5
zentralen,5
menschenverachtende,5
Drohungen,5
Stabilitaetsanker,5
liberalen,5
eingeleitet,5
Vertrauensverlust,5
MSC,5
Kompass,5
europaweit,5
Up2EU,5
zB,5
Aktionen,5
Akteure,5
Buendnisverteidigung,5
2015,5
Kunden,5
Verteidigungshaushalt,5
MSC2018,5
strategisch,5
hoeher,5
Duo,5
UA,5
israelische,5
freiwilligen,5
Verschiebung,5
Vollausstattung,5
Auslandseinsatz,5
democracy,5
zivile,5
bestmoeglichen,5
Secretary,5
ggf,5
Staatspraesident,5
pr,5
kuenftige,5
Abdullah,5
Reichstag,5
Zentrum,5
Nahost,5
freigelassen,5
Polizeibeamten,5
GesundheitsrisikoR2,5
Luege,5
Entwicklungsminister,5
steuerlich,5
hierzu,5
Westen,5
uebernimmt,5
Erzaehlung,5
Urteile,5
Gleichwohl,5
automatische,5
Bahntickets,5
Anschlags,5
Radikalisierung,5
gewiss,5
rechtlichen,5
Sicherheitsgesetz,5
Hinblick,5
EUCO,5
Dienstpflicht,5
Migrationspaket,4
Fachkraefte,4
entsprechende,4
Mitgliedschaft,4
bwk247,4
sprach,4
Staatsminister,4
600,4
begrenzen,4
moderne,4
Konzentration,4
Produkten,4
Verkehrsminister,4
beider,4
Fluege,4
zugesagt,4
groesser,4
250,4
steuerlicher,4
innovativer,4
nachhaltigen,4
unerlaesslich,4
umfasst,4
Momentum,4
restlichen,4
Fehlverhalten,4
ruecken,4
Air,4
voranbringen,4
dahoAM,4
Hofreiter,4
Weiterentwicklung,4
Umlage,4
erneuerbaren,4
Energien,4
Zuschriften,4
deutlichen,4
angekuendigt,4
Klimawandels,4
Klimaschutzpolitik,4
uebertragen,4
gehts,4
gestrigen,4
Nachhaltigkeitswoche,4
Bereits,4
jaehrlich,4
Damen,4
nachhaltiger,4
aufzustellen,4
Rhoen,4
direkte,4
Transformation,4
faengt,4
Wuerzburg,4
Persoenlichkeiten,4
Konjunktur,4
einhalten,4
Industrieland,4
gesegneten,4
Green,4
beruflichen,4
gestrige,4
Anreiz,4
vorbereiten,4
Heizkosten,4
Regierungsbefragung,4
Geduld,4
frohes,4
Anmeldung,4
Bundestagskollegen,4
mittleren,4
berechtigten,4
Infektionsschutz,4
Appell,4
Alltag,4
individuellen,4
Test,4
Ruecksicht,4
Ihn,4
gelingt,4
Fraktionsvorsitzenden,4
Griechenland,4
bewerten,4
Bevor,4
Regionalitaet,4
innovativ,4
arbeitet,4
zusammenarbeiten,4
teilgenommen,4
roten,4
Strukturwandel,4
Gedenkstunde,4
Letzter,4
oekologische,4
Gedenkens,4
niedrigsten,4
Demonstration,4
bt,4
cop25,4
Einblick,4
ambitioniert,4
gelohnt,4
Vertretern,4
Huber,4
Pressemitteilung,4
bedanke,4
vergangenen,4
geschmacklos,4
Asylpolitik,4
FFF,4
verantwortungsvolle,4
Startschuss,4
ermutigen,4
selbstbewusst,4
engagiert,4
Day,4
Weltfrauentag,4
Deutschlandfunk,4
Elektromobilitaet,4
Stammtisch,4
Veranstaltungen,4
bewaeltigen,4
Zukunftsfaehigkeit,4
gewaehrleisten,4
begruesst,4
Organspenden,4
Steffen,4
blanke,4
loest,4
Winterklausur,4
familie,4
vergleichbar,4
Samstag,4
spontan,4
kurzer,4
Kramp,4
Karrenbauer,4
erkannt,4
98,4
neun,4
Vizepraesident,4
Schweigen,4
Schirmherrschaft,4
Pkw,4
09,4
Natur,4
Neuhardenberg18,4
Sommerklausur,4
gewaehrleistet,4
werfen,4
Patenschaft,4
bildet,4
Transitzentren,4
illegale,4
zusaetzliche,4
Notwendig,4
Anteil,4
Beine,4
Gaertner,4
berufen,4
Stand,4
Berg,4
Stefan,4
uvm,4
Jugendschutz,4
ankommen,4
only,4
Buam,4
mei,4
schoensten,4
ganzes,4
ehrenamt,4
angeht,4
Detail,4
brennernordzulauf,4
verfuegbar,4
konsumieren,4
enorme,4
informieren,4
hiess,4
gestorben,4
Runden,4
Vernetzung,4
Sicherung,4
Mediensucht,4
Zoll,4
Obdachlose,4
ehemalige,4
Landesgruppenchef,4
gestiegen,4
auszubauen,4
Sicherheits,4
Homepage,4
nimmer,4
Fastenzeit,4
laengere,4
Kiefersfelden,4
Homeschooling,4
vorschlaegt,4
Friseure,4
Zuege,4
Dissens,4
hinbekommen,4
HolocaustRemembranceDay,4
Prioritaetensetzung,4
Beratung,4
Handschrift,4
Drogenstrategie,4
amerikanischen,4
erforscht,4
Tests,4
Ehrenamtlichen,4
Feiertagen,4
Mund,4
Matthias,4
Tabakwerbung,4
Funk,4
Suchtpraevention,4
deutschlandweit,4
Legislaturperiode,4
systematisch,4
eins,4
800,4
Grundschule,4
besseres,4
Bisher,4
Kindheit,4
treibt,4
Schuljahr,4
wofuer,4
Yesssss,4
Ansonsten,4
Situationen,4
furchtbar,4
Kleinen,4
elementar,4
ausbaden,4
totale,4
Verfolgung,4
Verbraucherschutz,4
Partnership,4
FJS,4
GLUeCKWUNSCH,4
Gaensehaut,4
Anfrage,4
Ehrlich,4
go,4
duerfe,4
Ferien,4
arm,4
hervorragenden,4
Jaaaaaaaaaaaa,4
On,4
nachdem,4
Schoenen,4
Skandal,4
Hamburger,4
Namenstag,4
Tolles,4
Kreistag,4
Brennernordzulauf,4
Planung,4
Insofern,4
vertretbar,4
Double,4
Listenmandate,4
beschweren,4
Yessss,4
Flugtickets,4
Abgesehen,4
like,4
Silvesternacht,4
Polizeigewalt,4
rechten,4
angestossen,4
eingebracht,4
Brille,4
Legalisierung,4
ergaenze,4
Amtszeit,4
kontrollieren,4
Faellen,4
facto,4
Sage,4
uebrig,4
Branchen,4
IST,4
Tempo,4
Virologen,4
ueberbieten,4
anschaue,4
Ueberschrift,4
breit,4
Versprechen,4
befinden,4
aufmerksam,4
sozialer,4
Servus,4
Schutzschirm,4
Freiwillige,4
Ausgangsbeschraenkung,4
Menno,4
Verband,4
freiwillig,4
Aprilscherz,4
Kalender,4
zweifeln,4
unterschiedlichen,4
Krisenmanagement,4
schreien,4
Doro,4
Otto,4
spitze,4
Bedenken,4
offenkundig,4
Bewohner,4
VOR,4
Ausgangssperre,4
Daniela,4
Medium,4
For,4
verschieben,4
Strategiekonferenz,4
Berichte,4
erschuettern,4
angeschaut,4
Accounts,4
ewig,4
LKW,4
Fahrverboten,4
Niederlande,4
Gutachten,4
Kanada,4
Auge,4
Schlag,4
Persoenlichkeit,4
empfehlenswert,4
Direktmandate,4
zunehmen,4
landschafftverbindung,4
Bodenwertzuwachssteuer,4
Ausser,4
oesterreichischen,4
Starker,4
deutlicher,4
drogenbeauftragte,4
Werbeverbot,4
Sitzungen,4
faehrt,4
Brenner,4
Fahrt,4
gedrueckt,4
Fortschritte,4
Wiedereinfuehrung,4
Women,4
sorry,4
Beachtung,4
eurer,4
Mehrwert,4
Pressekonferenz,4
angelegt,4
herzliche,4
gruenes,4
Versprochen,4
bekommst,4
48,4
packmas,4
Waehlen,4
perfekte,4
1500,4
fliegt,4
ausgerechnet,4
warm,4
gelaufen,4
vereint,4
Fanclub,4
Kurt,4
dich,4
breiter,4
sichert,4
rechtmaessig,4
tanzen,4
Ralph,4
steuern,4
Maghreb,4
Wunderbar,4
Nachtrag,4
brennt,4
schoenste,4
Fernsehen,4
Waehlern,4
herrscht,4
Offenheit,4
kostenlos,4
Fritz,4
Einzige,4
eingefuehrt,4
Mauer,4
einsperren,4
strong,4
union,4
EPP,4
konservative,4
verlaesslicher,4
Freien,4
sucht,4
verbinden,4
Seitenlinie,4
schlaue,4
richten,4
ltw18,4
geeintes,4
mobilisieren,4
Ost,4
West,4
Bundespolitik,4
sichergestellt,4
Koalitionsausschusses,4
Gegenwart,4
Lounge,4
Bundesinnenminister,4
Stammstrecke,4
behindert,4
Aktuelle,4
Lebensgefuehl,4
Sachverstand,4
Netzwerken,4
grossartiges,4
Interessante,4
toller,4
Ersten,4
loewenstark,4
Familiengeld,4
herzlicher,4
heiss,4
absagen,4
darstellt,4
hilftjanix,4
lauten,4
stabilisiert,4
Sophie,4
wahrscheinlich,4
gebaut,4
Enteignung,4
Planeten,4
kommst,4
Dienstag,4
zerstoert,4
hinterlegt,4
enthaelt,4
Traurig,4
times,4
he,4
Aha,4
beachten,4
dauert,4
Soziales,4
Fehlerkultur,4
einkaufen,4
BMWi,4
maximale,4
Nahen,4
tot,4
SARSCoV2,4
Meinungen,4
Sachverstaendigenrat,4
Einfamilienhaeuser,4
42,4
Hotels,4
Insekten,4
entsprechenden,4
faktisch,4
Inwiefern,4
Randnotiz,4
bestellt,4
aufgeben,4
Hilfsmassnahmen,4
aufzeigen,4
Eishockey,4
absoluter,4
relativ,4
diesesmal,4
weitgehend,4
fehlende,4
schrecklichen,4
extreme,4
Kroatien,4
Vereinigten,4
besorgt,4
diskreditieren,4
Biomasse,4
klagen,4
guenstiger,4
Entschuldigung,4
sichtbar,4
Haken,4
geschickt,4
katholisch,4
Ermaechtigungsgesetz,4
Haha,4
DAS,4
einfacher,4
erspart,4
kraftvoll,4
Gedenktag,4
allemal,4
Umwege,4
Schicksalstag,4
USElection2020,4
berechtigte,4
back,4
Nehmen,4
richtet,4
Ringschluss,4
Betrieb,4
Soforthilfe,4
angewiesen,4
na,4
TUM,4
essen,4
Koenig,4
Heiligen,4
teurer,4
fuehle,4
bereiten,4
William,4
uswahl2020,4
Profis,4
unterbinden,4
Hast,4
nahe,4
anzugehen,4
lediglich,4
Helden,4
oekonomische,4
offenbart,4
Arbeitszeit,4
koenne,4
Inszenierung,4
lese,4
sinken,4
Minus,4
wagen,4
Gipfels,4
gesellschaftlichen,4
Barbarei,4
Gelingen,4
willen,4
Nuernberger,4
Klassenerhalt,4
Gas,4
Dimensionen,4
anschaut,4
Krokodilstraenen,4
Problematik,4
Greenpeace,4
haengen,4
ansetzen,4
Klarer,4
Sicher,4
unanstaendig,4
Planungssicherheit,4
Hoehe,4
Geister,4
Gruener,4
Formulierung,4
Schluessel,4
frohe,4
52,4
GW,4
Erneuerbare,4
Vergemeinschaftung,4
sieben,4
belohnt,4
Fleischindustrie,4
kamen,4
leichte,4
gepraegt,4
John,4
Mechanismus,4
Lockerung,4
Erkrankung,4
been,4
best,4
dahinter,4
stecken,4
anhand,4
get,4
Ueberschriften,4
kritische,4
verstaendlich,4
uebersichtlich,4
Besonnenheit,4
allgemeine,4
wichtigste,4
rote,4
Energieversorgung,4
Ursache,4
verwechseln,4
73,4
Geste,4
boese,4
relativieren,4
important,4
Preise,4
massiven,4
Jahrhunderts,4
Richtlinie,4
Japan,4
hervorragend,4
Klage,4
Mindestlohns,4
Hannover,4
Punkten,4
Mehrheiten,4
unten,4
inneren,4
Kleidung,4
Made,4
Pegida,4
wiederholt,4
stimme,4
orientiert,4
Schwesig,4
abstrakte,4
freihandel,4
fairer,4
Vieles,4
luck,4
Schenk,4
barbarischen,4
argumentiert,4
Haft,4
fuellen,4
widerspreche,4
Industrie,4
halb,4
Christ,4
britische,4
Sicherheitsbehoerden,4
AngelaMerkel,4
antworten,4
Scheitern,4
Briten,4
32,4
FW,4
konkreten,4
Mission,4
Referendum,4
Schlagzeile,4
sprachlos,4
Liverpool,4
exchange,4
zig,4
zwoelf,4
Irrtum,4
NotreDame,4
gewaehlte,4
Wohnungsmarkt,4
Wirklichkeit,4
MdL,4
technisch,4
durchsetzen,4
Mindestlohn,4
behindern,4
Gnade,4
grenzt,4
genauer,4
Bashing,4
WSBKommission,4
Cent,4
bekennt,4
AI,4
trade,4
Gesetzen,4
doppelt,4
Akzente,4
Selbstzweck,4
schick,4
Republikaner,4
hoechsten,4
Flucht,4
kopiert,4
einzigartig,4
Profi,4
niedriger,4
Schaerfste,4
gerechtfertigt,4
Heil,4
Welcher,4
Bezirksparteitag,4
tausende,4
1300,4
bestmoegliche,4
plant,4
Zoelle,4
BAMF,4
Arbeitslosenversicherung,4
Retweet,4
Bett,4
Fuenf,4
Pro,4
Kardinal,4
Wahlsieg,4
zurueckgezogen,4
Kriege,4
Mitgliedervotum,4
dumm,4
Ministerpraesidentin,4
Gold,4
Koa,4
GrokoSondierungen,4
Klitschko,4
Geschlecht,4
83,4
Migranten,4
ploetzlich,4
Wider,4
wissenschaftlich,4
Obergrenze,4
sorrynotsorry,4
zuhauf,4
Uns,4
heimatliebe,4
Algorithmen,4
Melanie,4
zwingt,4
freundlich,4
Unterfraenkin,4
Meiner,4
Geschmack,4
Teilen,4
Gruenderinnen,4
WirVsVirus,4
lieb,4
ans,4
Politikerinnen,4
Fans,4
Saskia,4
Farbe,4
mochte,4
bezogen,4
Leuten,4
Pic,4
Or,4
didn,4
zynisch,4
K,4
mailen,4
Offene,4
Atmosphaere,4
liebes,4
tolerant,4
Gedanke,4
Freundin,4
bedankt,4
erweitert,4
O,4
Protipp,4
herausragender,4
Website,4
Depp,4
Tino,4
nirgendwo,4
Kommentare,4
nervt,4
Verbaende,4
scheitern,4
gegoennt,4
L,4
Ruhestand,4
Toaster,4
Lebenszeit,4
zivilgesellschaftlichen,4
2000,4
scheinen,4
Srsly,4
fuehlen,4
verharmlosen,4
freu,4
extra,4
Halt,4
Welcome,4
Gebiet,4
Neuer,4
schwestern,4
Papa,4
Unterstuetze,4
eroeffnen,4
Soehne,4
Hausaufgaben,4
Typen,4
schreit,4
brauche,4
Pass,4
Durfte,4
beeindruckende,4
Annahme,4
Gelassenheit,4
kleines,4
entdeckt,4
Selfie,4
Trost,4
Wut,4
Aussprache,4
Tun,4
Irre,4
Generalsekretaerin,4
Your,4
Gesichter,4
positiver,4
Datenschutz,4
Wen,4
Prinzipien,4
Vorbereitung,4
Falls,4
vielversprechend,4
professionelle,4
beleidigen,4
Schweiz,4
individuelle,4
Chefin,4
liebsten,4
Reichweite,4
Zielen,4
juedischen,4
Meseberg,4
43,4
78,4
Tor,4
thematisch,4
Kiew,4
Lektuere,4
Umstaende,4
Hetzer,4
galt,4
Mitgliedern,4
37,4
Weltraum,4
Terrororganisation,4
antisemitische,4
1945,4
Distanzierung,4
Radikalen,4
erteilt,4
widerlich,4
russische,4
blockieren,4
Terroristen,4
ideologische,4
Griff,4
Konzepten,4
tiefen,4
Auslandseinsaetze,4
Schuss,4
Feststellung,4
Zweck,4
Juso,4
seitens,4
bewaffneten,4
geschuetzt,4
regelt,4
BerlinerFraktion,4
demokratisches,4
Vogelschiss,4
Radikale,4
erschossen,4
Diktator,4
Lukaschenko,4
umgehend,4
aussenpolitische,4
Hummer,4
Aktivisten,4
Verhaeltnismaessigkeit,4
Angriffen,4
Faschisten,4
radikalen,4
CSYOU,4
Ueberlebenden,4
genuegt,4
Band,4
fahrlaessig,4
Europaeern,4
vermieden,4
anti,4
Raeumung,4
abzulenken,4
Legitimation,4
bewiesen,4
Kunst,4
Demokrat,4
Hufeisentheorie,4
Todesstrafe,4
rechtliche,4
ersetzt,4
Moschee,4
Russlands,4
treten,4
Mauertoten,4
autoritaeren,4
getrennt,4
Linksextremen,4
Einschraenkung,4
satt,4
schwaechelnde,4
Menschenverachtung,4
Abs,4
Wehrbeauftragte,4
vergleicht,4
ZusammengegenCorona,4
freier,4
Relevanz,4
Verbuendeten,4
Bedrohungen,4
Armee,4
zusammenstehen,4
Schliessung,4
Rechtsextreme,4
freiheitliche,4
Herrschaft,4
grosszuegig,4
Stamm,4
feiert,4
Korruption,4
Linksruck,4
Kompromisse,4
Verteidigungsfaehigkeit,4
eure,4
Maduro,4
definieren,4
F,4
unterdrueckt,4
einheitliche,4
Unabhaengigkeit,4
Generationen,4
LtwHe,4
HambacherForst,4
Universitaeten,4
Fluechtlingen,4
FakeNews,4
Einsatzbereitschaft,4
dulden,4
Tatkraft,4
Parteibasis,4
Aufgrund,4
Verunsicherung,4
Vorgaengen,4
Zusagen,4
belastet,4
f,4
au,4
Heimkehr,4
Bindung,4
Verwendung,4
Erfreulich,4
MV,4
Indien,4
erwaechst,4
transatlantischer,4
Krisenmodus,4
echter,4
Sicherheitskonferenz,4
cooperation,4
getragen,4
Etat,4
Steigerungen,4
Mauretanien,4
Ouagadougou,4
binnen,4
MINUSMA,4
est,4
Sahelstaaten,4
Ch,4
Sy,4
abgeschlossen,4
Washington,4
PENTAGON,4
Plattformen,4
unterschiedlicher,4
common,4
values,4
Premierministers,4
toedlich,4
verunglueckten,4
Piloten,4
Bush,4
Libanon,4
Finanzierung,4
grundlegende,4
Existenzrecht,4
verschaerft,4
Linkskoalition,4
Ankara,4
kriegt,4
Einschraenkungen,4
Einflussnahme,4
Luebcke,4
Gesundheitsminister,4
Demokratieverstaendnis,4
beschaedigt,4
b1811,4
Reichstagsgebaeude,4
friedlich,4
Buehne,4
Renten,4
Gnocchi,4
sicherheitspolitische,4
zulassen,4
rechtsextremer,4
Spreche,4
internen,4
Zustaendigkeit,4
George,4
AktuelleStunde,4
Stellenwert,4
humanitaere,4
aufgeraeumt,4
verantwortungsvolles,4
ausbeuterische,4
Vermieter,4
verbindlichen,4
CSUtownhall,4
Mahnung,4
Feinde,4
ASP,4
Vorgabe,4
Dadurch,4
Fuehrungsebenen,4
Vorstand,4
oeffentlicher,4
Mitbestimmung,4
Uebernahme,4
Versammlung,4
obendrein,4
Normenkontrolle,4
Regieren,4
Europaausschuss,4
juengst,4
Spielraum,4
jeweils,4
Gewinne,4
furchtbare,4
rassistischen,4
aufgezeigt,4
Terrortat,4
Egoismus,4
Lebensleistung,4
Wurf,4
Einrichtung,4
Sowjetunion,4
WP,4
geschaeftsfuehrend,4
deine,3
Teilnahme,3
Andrea,3
Mitwirkung,3
zulaessig,3
sachlich,3
H2,3
dranbleiben,3
schlage,3
Fahrrad,3
Bremse,3
bestimmten,3
Verkehrsmittel,3
StVO,3
zuverlaessig,3
zukunftsfest,3
ambitionierter,3
effizienter,3
Nord,3
Reisen,3
Wegen,3
saubere,3
Elektroautos,3
Linnemann,3
AnjaOnAir,3
Klimagipfel,3
schlechtes,3
zurueckgewinnen,3
Wirtschaftshilfen,3
kurze,3
Aktuellen,3
Wohnungspolitik,3
lautet,3
Schnelltests,3
Davon,3
behandeln,3
Weltkrebstag,3
kWp,3
verschaerfen,3
Mitgliedstaaten,3
erfolgen,3
fff,3
verfolgen,3
Aktuell,3
Vielzahl,3
Spektrum,3
gemeinsamgegencorona,3
groesserer,3
vorab,3
beitreten,3
Intensive,3
spuerbar,3
zuschaut,3
Kontakte,3
lasst,3
Ausstoss,3
geplant,3
Infektionszahlen,3
Gesundheitssystem,3
verdienten,3
aufrichtiges,3
verfassungsmaessige,3
Repraesentanz,3
Bepreisung,3
Gang,3
Menge,3
DeutscheEinheit,3
Artenvielfalt,3
verpasst,3
Sendung,3
Fraktionsvorsitzender,3
Kolumne,3
55,3
Sommerpause,3
vollen,3
Gange,3
Schoener,3
Schnappschuss,3
Kickoff20,3
Stay,3
JetztZukunft,3
P43,3
Bergrheinfeld,3
Serie,3
Geraete,3
Zukunftsinvestitionen,3
Auszeichnung,3
verleihen,3
herunterladen,3
Infektionsketten,3
Erreichung,3
Wasserstoffstrategie,3
rueckwaerts,3
Gruss,3
werdenden,3
Vatertag,3
2050,3
beziehen,3
Leitlinien,3
GreenDeal,3
grenzueberschreitende,3
Verbindungen,3
PetersbergerKlimadialog,3
insb,3
lehrt,3
trauern,3
Arbeitsminister,3
Schwebheim,3
Bonn,3
Fragestunde,3
besonnen,3
Kontaktbeschraenkungen,3
siegen,3
gesegnetes,3
wirbleibenzuhause,3
StayAtHome,3
Ansteckungsgefahr,3
sass,3
Duengeverordnung,3
Grundschueler,3
unzaehligen,3
Trinkwasserschutz,3
Armin,3
Diplomaten,3
Dtl,3
Artenschutz,3
bekanntlich,3
Sterbehilfe,3
tiefes,3
MwSt,3
erforderlich,3
Recycling,3
Zukunftsthema,3
Paul,3
TagdesNotrufs,3
uebergeben,3
leistungsfaehige,3
ausgeweitet,3
Gebieten,3
gestaltet,3
Formen,3
Input,3
wissenschaftliche,3
vorhandene,3
einbezogen,3
Sondern,3
cducsubt,3
TiempoDeActuar,3
fort,3
hochwertige,3
erzeugen,3
Allee,3
FU,3
auseinander,3
Stein,3
marktwirtschaftlichen,3
Chancengerechtigkeit,3
Vormittag,3
praesentieren,3
Fraenkische,3
Ursula,3
Leyen,3
gruppederfrauen,3
draengenden,3
400,3
umweltschutz,3
Herbert,3
gesellschaftlicher,3
innere,3
leiten,3
gefreut,3
entdecken,3
strukturellen,3
finanziellen,3
sexuellen,3
Taeterschutz,3
organspende,3
Jakob,3
Migrationspolitik,3
Handelspolitik,3
traditionellen,3
weltweiten,3
klimakonferenz,3
katowice,3
Jubilaeum,3
politik,3
wirhandeln,3
interessanter,3
P44,3
enden,3
Grafenrheinfeld,3
begleiten,3
Berufung,3
umfassend,3
46,3
modern,3
Parteivorsitz,3
Umweltschutz,3
Schnell,3
Laermschutz,3
Leistungsfaehigkeit,3
soweit,3
koalition,3
PK,3
Vorteile,3
muetterrente,3
II,3
Raeume,3
KfW,3
2026,3
Gastgeber,3
gluecklich,3
Parlamentarische,3
Oberbuergermeister,3
wirksam,3
07,3
ausdrucken,3
Strassburg,3
Ueberpruefung,3
letzter,3
Rathaus,3
Coburg,3
somit,3
Unterscheidung,3
Arbeitsgruppen,3
Nikolaus,3
Landesversammlung,3
Andr,3
Juergen,3
Demut,3
Wahlkreises,3
Weiterhin,3
aufzuhoeren,3
sparen,3
Tabaksteuer,3
motiviert,3
Naturschutz,3
Tourismus,3
Word,3
vorbeikommen,3
Ortstermin,3
Zusammenfassung,3
Standpunkte,3
permanent,3
sachgerecht,3
Normalitaet,3
Trend,3
hohes,3
versteckt,3
Warnung,3
vermittelt,3
Verlauf,3
Jawoll,3
bestaetigen,3
sport,3
beachtet,3
Konsumenten,3
Backen,3
angefangen,3
Apotheken,3
Uni,3
Beendigung,3
Gern,3
Osterruhe,3
81,3
lebenswichtig,3
effektive,3
Dt,3
sinnvolle,3
Krell,3
Gramm,3
impft,3
Coronazeiten,3
way,3
First,3
Lady,3
FCBBVB,3
Pumuckl,3
Herkunft,3
kompliziert,3
Hochdruck,3
Drogenhandel,3
suchtkranker,3
irgendwelche,3
Motivation,3
empfinden,3
sensiblen,3
Strassenverkehr,3
Hintertuer,3
kalt,3
Orte,3
Einrichtungen,3
Rande,3
merkt,3
umgeht,3
Isolation,3
krank,3
Schwester,3
Laschet,3
Tobias,3
gehtdoch,3
Modelle,3
Vizekanzler,3
Tabakaussenwerbeverbot,3
Abgabe,3
persoenlicher,3
Angehoerige,3
wiederhole,3
Vaters,3
Themas,3
Gesetzgebung,3
Alkoholpraevention,3
Interessanter,3
Siegerin,3
Fruehjahr,3
taegliche,3
Einordnung,3
Jahresbericht,3
Krampus,3
Gummibaerchen,3
behandlung,3
Flickenteppich,3
substitution,3
Grippe,3
gesundheitliche,3
Priorisierung,3
packen,3
Kiffen,3
Kombination,3
Stress,3
Zumutung,3
eingeschraenkt,3
sooooo,3
Internationale,3
erfordern,3
austauschen,3
Ahnungslosigkeit,3
aeussern,3
duerften,3
festgestellt,3
Amtsantritt,3
Regelbetrieb,3
Kita,3
jugendschutz,3
bemerkenswert,3
bundesweiten,3
dazwischen,3
besprechen,3
Goerlitzer,3
Park,3
vorerst,3
WIR,3
Strecke,3
Triple,3
PSGBayern,3
coole,3
Pack,3
Nationalen,3
Nachfragen,3
wait,3
lebende,3
Bewegende,3
Reportage,3
Reihenfolge,3
Anwendung,3
Anna,3
Schuelern,3
Anforderungen,3
Stellungnahme,3
bisherigen,3
Defizite,3
Laendersache,3
Variante,3
Verlagerung,3
Schiene,3
Empfehlung,3
Erstens,3
early,3
Deutschlandtakt,3
Fristen,3
bevorzugt,3
inkl,3
alpentransit,3
herzlichsten,3
Jedenfalls,3
bricht,3
LOVE,3
Blut,3
schaetze,3
Muster,3
Gegenwind,3
Eilverordnung,3
read,3
Gesegnete,3
bestreiten,3
Gleiche,3
Generationengerechtigkeit,3
300,3
bewaehrt,3
beachte,3
Tasse,3
csuvpt20,3
goes,3
angepasst,3
gedeckt,3
Sueden,3
zutreffend,3
Keule,3
words,3
Versammlungsrecht,3
verhaelt,3
Demos,3
schuld,3
muede,3
ausgewogene,3
konkreter,3
Gar,3
Betreuung,3
Tueren,3
office,3
Dachau,3
Infektionsgeschehen,3
faellig,3
Fasching,3
mehrfach,3
geaeussert,3
wahrsten,3
Wortes,3
Grosseltern,3
Haupt,3
Erledigt,3
einzuhalten,3
gingen,3
diskreditiert,3
wovon,3
rede,3
Kennen,3
Sack,3
Reis,3
Fruehstueck,3
Puenktlich,3
wunderschoenen,3
besinnliche,3
Selten,3
Warn,3
seht,3
Vater,3
Sachverhalt,3
Aibling,3
Kreis,3
geworfen,3
Block,3
stellvertretend,3
Bekommt,3
schadensminimierung,3
verheerend,3
Will,3
kommentiert,3
Berechtigte,3
Briefe,3
staendigen,3
ua,3
persoenlichem,3
gewohnt,3
COVID2019,3
cannabis,3
flatenthecurve,3
Verlaub,3
kalten,3
CSUAM20,3
Karneval,3
drehen,3
eigenes,3
ueberdenken,3
weitermachen,3
sozusagen,3
unermuedlichen,3
sauber,3
Thuerigen,3
ausserordentlich,3
Kobold,3
410,3
Neuigkeiten,3
year,3
Seeon20,3
hinterher,3
Weihnachts,3
Kapitulation,3
Jesu,3
Schlussspurt,3
Feiern,3
Take,3
halben,3
Impfpflicht,3
34,3
abhalten,3
kompetenter,3
Vereinbarkeit,3
euren,3
wegweisende,3
Erholung,3
interpretiert,3
EScooter,3
abstimmen,3
Sanitaetsdienst,3
katholischen,3
steuerlichen,3
Bloedsinn,3
Strafen,3
Gaga,3
Zeug,3
angehoert,3
Unterlagen,3
einseitige,3
Ernennung,3
Schlechte,3
Bewerbungsrede,3
jeglichen,3
existierenden,3
PkwMaut,3
zugelassen,3
Saarland,3
Radfahrer,3
Zensur,3
2014,3
59,3
1948,3
Herrenchiemsee,3
Mehrehe,3
brauchtumbrauchts,3
Zeitung,3
Argumentation,3
half,3
Guenther,3
gelungener,3
einzigen,3
Julia,3
FCBLFC,3
miasanmia,3
Hochachtung,3
csuam19,3
trete,3
aschermittwoch,3
Spezi,3
Dieselfahrverbote,3
Kompetenzen,3
Ermittler,3
PKW,3
Stickoxid,3
Bestandsstrecke,3
innovative,3
schenken,3
ordnen,3
tippe,3
Berchtesgaden,3
wahlrecht,3
irische,3
Premier,3
peace,3
such,3
World,3
Parlamenten,3
Plaetze,3
nah,3
Baum,3
langen,3
brutale,3
Sternstunden,3
direkten,3
Spannung,3
Arbeitsbedingungen,3
BVB,3
taetig,3
bezweifelt,3
Christlich,3
bettereurope,3
anonym,3
Dirk,3
schreitet,3
Raeumen,3
trauen,3
wach,3
Synagogen,3
gesteckt,3
control,3
Marshallplan,3
betrieben,3
Zukunftsthemen,3
Winterzeit,3
verlaessliche,3
Erdgas,3
Regierungsauftrag,3
pack,3
Zuerst,3
Wahlsonntag,3
Helfer,3
zeugen,3
andererseits,3
Taktgeber,3
kraftvolle,3
Million,3
Neid,3
drueber,3
unvergessen,3
Experimente,3
Autobahn,3
Autos,3
Visionen,3
Marion,3
Popcorn,3
Parteichef,3
Brannenburg,3
Posten,3
Fahrzeuge,3
Hartmann,3
private,3
langjaehrigen,3
Neubaustrecke,3
digitalsummit,3
jeher,3
Massstab,3
NIE,3
Moderation,3
deinen,3
Neuhardenberg,3
Pflegebeduerftigen,3
Regierungspartei,3
verweisen,3
Schlaege,3
zustande,3
Kindergeld,3
schaue,3
unverstaendlich,3
durchgefuehrt,3
fliegen,3
ueberspitzt,3
erlebe,3
erklaerbar,3
Bzgl,3
zeitlich,3
dauern,3
gerissen,3
SophieScholl,3
60er,3
Wohnraumknappheit,3
Ballungsraeumen,3
Nachhaltig,3
Studien,3
werd,3
Johnson,3
historisch,3
Philip,3
anzuschauen,3
SmartMeter,3
Knie,3
condolences,3
regard,3
Borjans,3
together,3
Texas,3
gravierende,3
ausfallen,3
langfristige,3
elteren,3
Armutszeugnis,3
erfinden,3
Seh,3
Schnitt,3
call,3
LewanGOALSki,3
Erdinger,3
RLP,3
BaWue,3
einmischen,3
schwere,3
Pragmatismus,3
Impfdosen,3
NEIN,3
Buben,3
formal,3
falsches,3
Prost,3
Max,3
zeichnen,3
MaxWeber,3
Lohnentwicklung,3
faende,3
tragisch,3
implizit,3
Maus,3
Moral,3
Sei,3
Athleten,3
Olympia,3
Schulze,3
Schwer,3
ausrichten,3
gelockert,3
Pfalz,3
Impfbereitschaft,3
versuche,3
Schwierigkeiten,3
Errungenschaften,3
76,3
Nationalitaet,3
Wirtschaftsausschuss,3
BioNTech,3
gefahren,3
Schub,3
Erneuerbaren,3
interessante,3
Thematik,3
Trikots,3
Maer,3
Amtseinfuehrung,3
London,3
Mutation,3
unabdingbar,3
Vorschriften,3
zweifelsohne,3
Trauerspiel,3
Tote,3
Capitol,3
Anhaenger,3
GAP,3
enderungen,3
geschuldet,3
aussehen,3
Wettlauf,3
spannendes,3
zukuenftige,3
trennt,3
Bringt,3
WDR,3
lost,3
Insgesamt,3
Verankerung,3
mussten,3
stop,3
unterschaetzt,3
Brexits,3
ermitteln,3
Schublade,3
loben,3
geeint,3
staerkeren,3
dieselben,3
Rakete,3
Ganze,3
vermeintlichen,3
Junge,3
Kriterien,3
rip,3
NRW,3
Minderheit,3
schueren,3
hoechstens,3
frueheren,3
dato,3
Irrwege,3
Schrecken,3
Quoten,3
Mr,3
Anschlaege,3
Level,3
Afd,3
5000,3
umzugehen,3
ungewoehnlich,3
geschaetzt,3
Wirksamkeit,3
freundlicher,3
hattest,3
Volkes,3
blinde,3
absurd,3
juenger,3
gelacht,3
dreist,3
Krisenzeiten,3
Zeigt,3
Person,3
zeugt,3
Idioten,3
Tesla,3
FCBSEV,3
internationales,3
willkuerlich,3
Glaubens,3
gekauft,3
zitiert,3
beruft,3
mehrmals,3
Geschaeft,3
Fachgespraech,3
erhebt,3
verkennt,3
Koenntet,3
Nordstream2,3
Zustaendigkeiten,3
Gottesdienst,3
wobei,3
W,3
Umsicht,3
FCBFCB,3
Mehrwertsteuersenkung,3
Weissrussland,3
Shitstorm,3
isst,3
vorhanden,3
Kirchensteuer,3
erzaehlen,3
EUGipfel,3
Qualifikation,3
attraktiv,3
ausgestaltet,3
adressiert,3
typisch,3
erhalte,3
31,3
niedrigen,3
Fahrplan,3
komplexe,3
52GW,3
Metzger,3
klargestellt,3
gruenem,3
Laut,3
Alleinerziehende,3
angehoben,3
Spatz,3
Spruch,3
Kante,3
heimischen,3
angebracht,3
Zusage,3
Subsidiaritaet,3
jetzigen,3
Airlines,3
umsichtig,3
ungerecht,3
Resilienz,3
zwangslaeufig,3
ableiten,3
Schulter,3
Anschluss,3
herum,3
Finanzkrise,3
darstellen,3
relativiert,3
gegeneinander,3
Umweltsau,3
verstoerend,3
endet,3
Bundespolizei,3
virtuell,3
beherzten,3
verlaengern,3
Wenigstens,3
CoronaKrise,3
never,3
said,3
stammen,3
Christi,3
kreativer,3
Brueder,3
Schwestern,3
soon,3
zielfuehrend,3
Experte,3
Nationalmannschaft,3
Karte,3
gepostet,3
Eskalation,3
Liquiditaet,3
muessten,3
03,3
entschlossenes,3
einzusparen,3
Heimatgemeinde,3
einzudaemmen,3
gravierend,3
entschlossener,3
mittel,3
or,3
ergriffen,3
wirtschaftlicher,3
Wichtigkeit,3
HH,3
verzoegern,3
empfiehlt,3
Teilnehmern,3
Reaktionen,3
wohin,3
Achtsamkeit,3
beschwert,3
Kemmerich,3
Verlierer,3
auld,3
syne,3
Fahne,3
Leugnen,3
happy,3
continue,3
than,3
ever,3
ergaenzen,3
Aufsichtsrat,3
Kleine,3
Baecker,3
Jahrzehnt,3
diesjaehrigen,3
kurzem,3
dient,3
Trachtenjanker,3
thematisiert,3
Besuches,3
abzulehnen,3
Buerokratie,3
wohnst,3
Berater,3
Jugendwort,3
enttaeuscht,3
Weniger,3
unterscheidet,3
Administration,3
Masse,3
Habemus,3
ueberaus,3
Daueraufgabe,3
visit,3
gemerkt,3
Knopf,3
moralische,3
Finnland,3
handel,3
versehen,3
Widerstandskaempfer,3
Claus,3
Sch,3
zentral,3
linkes,3
geschaetzten,3
smarte,3
Gemeinde,3
Istanbul,3
hell,3
hoechst,3
durchgehen,3
worauf,3
Zugriff,3
FCB,3
einzufordern,3
verletzen,3
Schlimm,3
Wissenschaftler,3
they,3
schreib,3
Verlass,3
Europawahl19,3
Meistens,3
einsehen,3
Oesterreichs,3
Abwechslung,3
Kritikern,3
bayerischer,3
verglichen,3
epfel,3
Birnen,3
rechtlicher,3
krass,3
wage,3
bezahlen,3
einmalige,3
Konstellation,3
Bayernhymne,3
gottmitdirdulandderbayern,3
coming,3
Mathe,3
machbar,3
Abitur,3
heiligen,3
auftreten,3
Kuehnert,3
Kevin,3
61,3
Entruestung,3
liberaler,3
Komm,3
klueger,3
schwadronieren,3
Spieler,3
Tageslicht,3
Amtssprache,3
Jargon,3
reissen,3
entspricht,3
dritte,3
mehrheitlich,3
Rettungsdienst,3
komplexer,3
bilateralen,3
vereinfacht,3
riesige,3
Ministers,3
Religionen,3
Digitalpakt,3
Ruhm,3
Karriere,3
rief,3
aeltesten,3
ueberraschen,3
Vorhang,3
oeffentlichkeitswirksam,3
Magnitz,3
Kuenstlichen,3
Kuenstliche,3
bestens,3
gesorgt,3
Neujahrskonzert,3
Milde,3
Business,3
derer,3
fatal,3
Stichwahl,3
tragfaehige,3
Schokolade,3
derart,3
Vegas,3
san,3
Jahrhundert,3
9November,3
Bundespraesidenten,3
Minute,3
vote,3
allzeit,3
muenchen,3
zahle,3
Loehne,3
einst,3
Faktor,3
kandidiert,3
Einzug,3
ltwbayern,3
Ironie,3
LTWBayern2018,3
Wahlergebnis,3
LTW18,3
Zweitstimme,3
2013,3
gleichzusetzen,3
Rechenschaft,3
entlastet,3
real,3
betreibt,3
standen,3
trump,3
Reich,3
Verwerfungen,3
Schweden,3
wechselt,3
Tore,3
konsequenter,3
laecherlich,3
GERMEX,3
Richtiger,3
beweisen,3
Heimatministerium,3
Spielraeume,3
Steuermehreinnahmen,3
beschleunigt,3
teuer,3
parlamentarischer,3
Anstieg,3
reagiert,3
Hohn,3
Vollbeschaeftigung,3
Treiber,3
Sterne,3
SozialeMarktwirtschaft,3
Bayreuth,3
machst,3
aussprechen,3
Einspruch,3
vermitteln,3
dankt,3
Osterhasen,3
Ausnahmen,3
absehbare,3
02,3
komisch,3
aufgehoben,3
aeussert,3
ums,3
Auschwitz,3
repraesentativ,3
Hype,3
willst,3
Menschenwuerde,3
Soso,3
Rekord,3
Mindestens,3
hinten,3
Sitzen,3
Zusammenhaenge,3
JamaikaAbbruch,3
Beurteilung,3
DM,3
Praesidium,3
abgeschoben,3
blauen,3
erhaelt,3
exemplarisch,3
Verleihung,3
Positionen,3
Sondierungsgespraechen,3
btw17,3
Thread,3
Wording,3
lasttweet,3
Alex,3
How,3
max,3
ignorieren,3
Nutzer,3
Breaking,3
Talkshows,3
Mitspielen,3
Plus,3
Sachar,3
Koepfe,3
Franngn,3
Ya,3
BReg,3
warte,3
jaehrigen,3
Zeitplan,3
Beitraegen,3
fif,3
Wave,3
Muessen,3
Wissens,3
fein,3
Wohle,3
Been,3
there,3
happen,3
Let,3
Lauf,3
Begleitung,3
Oberfranken,3
Schreibt,3
wohnen,3
Dieter,3
Konrad,3
fraenkischen,3
Frag,3
Story,3
bitten,3
Sofort,3
kandidieren,3
Fuehle,3
beschuetzt,3
This,3
verbringen,3
again,3
Kleid,3
gelobt,3
Motiv,3
Folgt,3
don,3
virtuelle,3
Cousine,3
suess,3
80er,3
Sekunden,3
Gib,3
protipp,3
Buecher,3
Buergerin,3
Abbau,3
30JahreEinheit,3
Muell,3
Eis,3
Sogar,3
Isch,3
Zeitalter,3
bestehenden,3
verwechselt,3
Denkmal,3
Fax,3
welcome,3
bedauere,3
school,3
mitgeteilt,3
Kerl,3
serioesen,3
skandieren,3
ilike,3
iOS,3
Digital,3
discuss,3
Well,3
einziges,3
Vorurteile,3
twittert,3
erhoben,3
Komisch,3
DSGVO,3
me,3
Wohoo,3
toldya,3
think,3
Kraftpaket,3
befristet,3
meeting,3
Berti,3
eingestellt,3
Bzw,3
Ausgangsbeschraenkungen,3
abgesagt,3
Gefuehlslage,3
Mitarbeiterinnen,3
Offtopic,3
haettest,3
Flugtaxi,3
kennst,3
Droelfzigtausend,3
Einblicke,3
Zitate,3
Screenshot,3
Witzig,3
gelungenen,3
Trolle,3
besetzt,3
unterstellen,3
prima,3
fleissig,3
huestel,3
Aufregung,3
Druecke,3
explizit,3
Streit,3
PGF,3
Jeden,3
Jimmy,3
sowohlalsauch,3
Autokorrektur,3
57,3
Womit,3
Under,3
Symbolbild,3
Definition,3
Scheibe,3
Digitalkabinett,3
Ansporn,3
meckern,3
T,3
bits19,3
Messen,3
iPhone,3
Erlaubnis,3
Gebe,3
Soeben,3
Blockchain,3
lauter,3
Entweder,3
Sollten,3
ehrlicherweise,3
Moerder,3
Anfragen,3
Komplett,3
Wille,3
beherrscht,3
workingonit,3
mehreren,3
Mache,3
Digitaler,3
int,3
differenziert,3
Jemand,3
ausgruenden,3
ausnahmsweise,3
Jupp,3
Uploadfilter,3
Giffey,3
Ebenso,3
Ticket,3
Wirtschaftsminister,3
treffe,3
Challenge,3
gruendet,3
Wiederholung,3
Medizin,3
girl,3
hunderte,3
Ohje,3
weist,3
Grossartige,3
Praesidentin,3
Kubicki,3
Nachfolger,3
volkspartei,3
Kristina,3
Breitbandausbau,3
eaeaeaehhh,3
Begriffe,3
unterscheiden,3
zurueckgeben,3
Revolution,3
Definitiv,3
Werden,3
Grossartiges,3
konfrontiert,3
Eliten,3
entlarvend,3
Norden,3
befuerchte,3
Bord,3
gestoert,3
Anonymitaet,3
motivierten,3
positiven,3
Ratgeber,3
Amen,3
Fragerecht,3
ueberwinden,3
M,3
Lachen,3
si,3
Staatssekretaere,3
Spott,3
177,3
bemerkenswerter,3
2010,3
Latte,3
Einfluss,3
Selfies,3
Vitali,3
bewirkt,3
Aachen,3
prioritaer,3
Warten,3
freigegeben,3
Tiefe,3
Mitmachpartei,3
denkbar,3
Steuergeld,3
Unertraeglich,3
Konjunkturprogramm,3
verteidigt,3
IsraelUnderAttack,3
Verurteilung,3
IStandWithIsrael,3
Raketen,3
korrigiere,3
Kompetenz,3
grenzen,3
Allein,3
neutral,3
Oekosozialismus,3
inzwischen,3
gleichtun,3
Gleichsetzung,3
Sichel,3
Enteignungen,3
steigender,3
beschlossene,3
Weltordnung,3
ausdenken,3
kulturelle,3
Townhall,3
noAfD,3
zoegern,3
Verfassungsschutzes,3
Spur,3
Wissler,3
rechtsradikal,3
zumal,3
Clown,3
Mottenkiste,3
Fundament,3
Christoph,3
Probst,3
geistige,3
Fridays,3
Future,3
Brandstifter,3
meilenweit,3
beleidigt,3
94,3
Zunahme,3
Infektionen,3
Aussetzung,3
beeindruckt,3
ideologischen,3
Aluhut,3
Pistorius,3
Vielmehr,3
Distanz,3
Inauguration,3
Rechtsradikale,3
Erschiessungen,3
schwadroniert,3
beobachtet,3
ahnen,3
Vaterland,3
Aufschrei,3
russischen,3
Kreml,3
Bewegungen,3
Rackete,3
Deckmantel,3
hinsehen,3
Zerstoerung,3
Klappe,3
kommunistische,3
Nachfolgerin,3
konkretes,3
Drohnendebatte,3
schwedischen,3
wahltaktische,3
Verteidigungspolitik,3
Mullah,3
Regimes,3
benennt,3
Gruenenfilme,3
verwirkt,3
bespucken,3
Clankriminalitaet,3
Muetzenich,3
Gefangenen,3
Mark,3
Phoenix,3
Oeko,3
mitverantwortlich,3
Bevormundung,3
Knock,3
wood,3
65JahreBw,3
Scherz,3
Uiguren,3
Rassist,3
Wegbereiter,3
Verschwoerungstheoretiker,3
mutiger,3
Election2020,3
Parlamentarismus,3
Prozesse,3
America,3
Elections2020,3
schuetze,3
islamistischen,3
Poebeleien,3
steigend,3
Schadenfreude,3
geringe,3
Disziplin,3
Fehlt,3
Gewalttaten,3
geraeumt,3
Linksextremisten,3
Berlins,3
Hitler,3
brandgefaehrlich,3
rechtswidrig,3
verachten,3
EndeGelaende,3
Nordkorea,3
Regierungen,3
linksradikale,3
Connewitz,3
Kreuzberg,3
Vergiftung,3
Ermordung,3
profilieren,3
jaehriger,3
ueberwacht,3
Berlin2908,3
r2,3
Deeskalation,3
hoechster,3
HagiaSophia,3
Regierungschef,3
Sensationell,3
Unglaubliches,3
Mauerbau,3
Duesseldorf,3
aktuellem,3
LoveIsEssential,3
Grundhaltung,3
Hisbollah,3
bedeutende,3
Steine,3
Schluss,3
Sommerinterview,3
Zusammensetzung,3
rechte,3
Gewalttaeter,3
Oelheizungen,3
ausstatten,3
Hintergruende,3
Glashaus,3
dieselbe,3
frz,3
Hausbesetzer,3
wachsende,3
Farce,3
Schlage,3
Gemeinsamkeiten,3
Willen,3
Eckpfeiler,3
atomare,3
Antiamerikanismus,3
staatszersetzend,3
Borchardt,3
Unfaehigkeit,3
Huerde,3
NaeheramMenschen,3
Nachhilfe,3
Gerichte,3
NieWiederSozialismus,3
erfaehrt,3
Schaffung,3
Shoa,3
Absender,3
wessen,3
nukleare,3
unilateral,3
Rueckgrat,3
schwaecht,3
unglaubwuerdig,3
baldige,3
plumpe,3
welch,3
Finanzhilfen,3
Krediten,3
Geschwindigkeit,3
fuehrte,3
braunen,3
Landtagspraesidentin,3
gefaehrliches,3
ausgeben,3
distanzieren,3
widerwaertig,3
verdiente,3
Tendenzen,3
zusaetzlicher,3
Sumpf,3
radikaler,3
aussenpolitisch,3
Eskenfilme,3
Buergerlichen,3
versoehnenstattspalten,3
Brandner,3
friedlichen,3
geschichtsvergessen,3
erfolgreiches,3
Bewertung,3
europaeisch,3
Force,3
67,3
Bestes,3
Bsp,3
Spaltung,3
berechtigt,3
drohen,3
verletzten,3
Rumaenien,3
humanitaeren,3
glaubwuerdigen,3
Verblendung,3
militaerische,3
Austrittsabkommen,3
irritiert,3
Dienstes,3
guenstige,3
geschlossenen,3
souveraener,3
Weshalb,3
plakatiert,3
Letzte,3
essentiell,3
Transatlantische,3
uebrigen,3
OeVP,3
BW,3
OARGER,3
WirfuerD,3
abgeben,3
knappen,3
Flugzeuge,3
3D,3
verabschiedete,3
Vereinten,3
BM,3
CSUliefert,3
Vergaben,3
Wahlperiode,3
change,3
Asylsystems,3
Schutzbeduerftigen,3
gewaehren,3
Framing,3
Manual,3
Heuschrecken,3
Mayer,3
zurueckgeht,3
Kluge,3
hielt,3
Saul,3
Friedlaender,3
Tausende,3
Arbeitsgruppe,3
Attraktivitaet,3
Komplex,3
Schneechaos,3
feige,3
schockiert,3
durchfuehren,3
militaerischen,3
Anschauen,3
political,3
Eberhard,3
Zorn,3
Ant,3
nio,3
rechtsstaatlicher,3
nochmals,3
medizinische,3
betraegt,3
cdupt21,3
klarem,3
Verpflichtungen,3
military,3
militaerischer,3
zuegige,3
Beratungen,3
Beschaffungen,3
Inneren,3
eroertert,3
Dezentralisierung,3
Aufhebung,3
dans,3
sident,3
Sahelzone,3
Dollar,3
troops,3
Praesidentschaftswahl,3
Sicherheitsberater,3
defence,3
Lieferketten,3
Studierende,3
inklusive,3
Kapazitaeten,3
Reservisten,3
Vertraege,3
Konflikt,3
Taliban,3
remain,3
Weihnachtsfest,3
Grundkonsens,3
Defence,3
rule,3
bilateral,3
Fassungslos,3
Absturz,3
Potenzial,3
Western,3
Norbert,3
Lammert,3
Delegation,3
EWG,3
vertiefen,3
Weltpolitik,3
Neuverschuldung,3
Generalinspekteur,3
Note,3
erledigen,3
aufgerufen,3
Anhalt,3
diplomatische,3
Auszahlung,3
stiller,3
Schmerz,3
Hausaerzte,3
unterschrieben,3
albern,3
fail,3
ignoriert,3
Vorwuerfe,3
Voelkermord,3
Aufweichung,3
Neustart,3
Adenauer,3
kehren,3
lehnt,3
konsequenten,3
ernsthafte,3
breitere,3
Islamisten,3
abzuschieben,3
Fuehrungszeugnis,3
ordentliche,3
Claudia,3
Roth,3
Moria,3
Gesetzes,3
SocialMediaDivision,3
manch,3
Element,3
di,3
Wahlkreisen,3
umstritten,3
verhoehnt,3
nachbessern,3
Rundfunkbeitrags,3
entkoppelt,3
soziales,3
Aussengrenze,3
Nachhoeren,3
Verteidigungsausgaben,3
Verhaftung,3
erschreckenden,3
Flug,3
Klarnamenpflicht,3
vereinbar,3
HelmeRettenLeben,3
50er,3
BBC,3
hoeheren,3
tiefe,3
Opferschutz,3
vehement,3
Abschiebung,3
Reichspogromnacht,3
serioese,3
Politischen,3
UNHCR,3
Bemuehungen,3
Vorfall,3
intensive,3
Soforthilfen,3
Lieferkette,3
Afrikas,3
verstorben,3
Mietpreistreiber,3
Kuenstler,3
Helmholtz,3
Mythos,3
Pandemietreiber,3
symptomlos,3
Effekt,3
Herzensangelegenheit,3
Selbstbestimmung,3
unsozial,3
WP19,3
Einzelfaelle,3
eingetreten,3
entgegenzutreten,3
AKBP,3
fehlendem,3
Nachbarlaender,3
Assad,3
verpflichtender,3
MINT,3
Faechern,3
regeln,3
Tichanowskaja,3
Dagegen,3
glaubhaft,3
Srebrenica,3
Vorstaenden,3
massiver,3
Teheran,3
future,3
einstehen,3
Diskriminierungen,3
Mannschaftsleistung,3
Vermoegensbildung,3
betriebliche,3
Elemente,3
Impfstoffe,3
Strafrahmen,3
Ausschreitungen,3
Verfassungsstaat,3
angewendet,3
Ministerkomitee,3
Einbruch,3
Interessenvertretung,3
B117,3
schaerfere,3
Selbstachtung,3
bedient,3
Wirtschaftliche,3
CSA,3
Gerichtshof,3
Angelegenheit,3
EMRK,3
Empfehlungen,3
begruenden,3
Impfstoffes,3
Grundsaetzen,3
Voelkerrechts,3
Rasse,3
praktische,3
zusammenzufuehren,3
Frankreichs,3
Nullsummenspiel,3
Strafrecht,3
wuerdige,3
Tarifbindung,3
Selbstaendige,3
Weltgemeinschaft,3
2005,3
Rechtsstaatsmechanismus,3
fran,3
ais,3
bestechend,3
Befugnisse,3
Veraenderung,3
herausgefordert,3
Gutscheinloesung,3
Betraege,3
verantwortungsvoll,3
beruhen,3
Personaldebatten,3
unwuerdige,3
Freibetrag,3
respektvoll,3
taktischen,3
verpflichtende,3
ermutigendes,3
Ben,3
Airline,3
Verspaetungen,3
Selbstausbeutung,3
gebotenen,3
Viertel,3
Landesrecht,3
Grunderwerbsteuer,3
Masterplans,3
Fiktion,3
Fraktionsgemeinschaft,3
Sperrklausel,3
chinesische,3
verbrannt,3
